id,label
cb26ab8e1,95
40eda589a,73
a3d0a07a8,73
57cdc3f59,90
a8a8b4261,74
6308fe124,68
acf17fceb,68
2f57d711b,4
f6820c410,91
675e1db7e,48
7f3e45975,36
ac937c18b,49
15cb0c24a,4
c6cd3ac47,75
9e9dda9fe,72
444a5e9fe,75
7327abf40,93
ca9f22cc1,13
bc707c021,86
60711fbc1,55
c223fc7dd,52
94269c190,73
14be34092,99
79522023e,40
85c2ca274,51
faa0dd647,76
e09c2b70d,35
41c27b630,94
40cec32ac,73
edc4bea12,102
aa560af38,103
d495d29df,89
a0301d0e5,68
8cb48a7e4,43
84412137d,53
7cae1c547,55
c20b4c81f,18
b82a2a3d4,68
7a5dfb158,98
15c5a0a46,11
407b393a9,53
6f6009530,28
96d8b0c1d,67
e0a576d7f,10
3231b476a,0
7a8a88b42,4
23d5c512f,53
954d0fe63,14
b05b5e5ed,22
5d3cac88b,75
0d9e342f6,43
d4bf7a89e,86
85e11330f,96
4a122e0ad,68
145628804,52
3496823c5,4
3edd04c83,58
d96704410,42
2ee9ba725,47
58605ff84,73
f26f199fb,17
d92df455f,102
e2194cc70,67
e64bd2b5f,29
0b9841d58,53
78d30a479,78
f0f900bec,50
0aa405eec,67
a5d650b37,75
a16bdddf1,48
f4db33d12,48
967c6bf80,4
37525f380,68
e08032ac1,53
0c7c4d0a7,4
aec93bbc4,53
347c449c8,79
771b14071,4
60e283191,4
50f72bf43,103
fb7984b64,89
61290cc43,0
cb02dfd8e,49
b74047d71,85
53d1111f9,103
386369977,95
c785abe6f,7
5245d1288,70
3b6e2c5c2,51
1c1daa6da,46
ae78a484f,103
86c0fdb4c,82
8988c222e,94
cd503942f,55
bb91e163e,102
60ba7e522,102
de9010824,75
fe843e592,103
f7da480ea,53
288510b49,73
3e1727f79,102
0c548045a,25
638d987cd,16
a391d5adc,48
28f90d5f0,79
5622bbc0c,68
6fb943b8a,103
3510270ee,39
9a2fc15d3,13
c145a87d1,67
eaaeacd1c,73
3d17ca258,91
a6ec0a798,53
82df3c1b6,45
ba4caa600,49
b466a17e8,16
aa016ddfe,4
74bb3e711,14
82d5f6620,68
cf192fc6a,48
690f47487,103
6504eee67,4
f84be6387,47
050bb1262,72
1461713ad,4
7a7fefad9,86
9a863b9ee,75
b7f261913,82
6550b53ba,43
d12204c77,20
476283f9c,48
ccb9b5cc7,12
da3a23d4c,49
1f411d101,86
cac4474ff,24
527fe834f,92
b764d3dd7,73
dd6301145,55
761340c6d,73
270611007,55
e56f9fd6f,4
4dccae9a1,53
63c3945db,73
ee6971d20,48
ce6096353,65
743a39958,49
1375fd010,95
deb71b934,48
33d008671,81
98320c076,39
4ea7f54f5,91
065817704,10
13ae95d53,75
bd6b0dfac,49
a959c7034,14
383e2e03e,67
a0d752238,50
7bc968caf,49
73749e7e2,53
07283a3e1,103
0045ce94c,67
2fa8f8b85,67
bca2de14e,81
33b9d73b8,4
976379adf,4
8756842ba,102
218676c6c,90
3341a6efb,77
ad82ed1ea,94
5ed06cc85,47
a324dcaed,29
6386c2d78,0
a76840623,49
dba16733f,24
ce7f9e0a0,8
333beeeb9,48
ac184d84a,87
6939eb499,14
979be015f,70
3b932fbd0,73
4165e5bec,5
e00cdee28,53
a35a4626f,102
4fa678f28,51
c87d22df3,90
ff9c8d8ee,14
28bab70cd,94
8e2b5a31b,0
5d426c1bf,48
e7bda0661,88
dbc26a259,0
054412f7e,55
b15603bdf,4
da76579e7,78
98a3b2209,53
d90cad151,33
400353bac,103
1dbaa5744,13
b52dcfa52,82
4afd6043f,68
4479a460c,75
b9eed2baf,82
0963e2956,8
b4a235b93,13
cbe14bd98,49
551f3af3f,48
17f8af701,68
f56efef52,59
2bf06cd03,75
77759374e,82
0fcde961f,73
926ed805c,7
cc9d66275,65
cefe64b4f,36
8ab688113,75
0281e01e3,9
718f47a1b,75
f3c88b910,74
943e13c28,47
a7caedcb0,39
096df77da,49
53f3609ad,4
7cb07f8df,79
43e458e40,67
57d3813ab,103
543a799bf,59
68f48e5f5,69
218ffc7c9,13
41cbb748c,25
a4a05f743,73
88735317f,46
32b46db46,29
b5e238431,62
4b8fe9f3f,72
8571d6622,102
37b17ad81,103
c64eb3a36,47
7b1177392,77
f7107a3a4,62
2861b1d79,58
4134d5714,81
40c67cca4,47
9d624affc,45
5e216ec7c,69
c251cfdb5,75
c27d9c294,91
ef26ad662,12
a1eee5a29,72
441f60624,93
0aeacb28f,4
7f8e636bd,60
5fedd16b9,4
6143c21f2,73
5cf823995,87
d2a45014c,4
084919197,67
0dffe81ea,97
9debacefe,73
d853b843c,41
8a5e6e01a,7
45655caf4,80
a5b6a29c8,59
01c633ff1,74
9f905ae2b,51
a6ff6f81a,52
ba763e4ad,94
d6c7e918e,67
5fa624040,67
35f0035c1,86
06a271f97,56
b7a815e07,95
66e6f6938,5
e6b713626,4
b65acd50b,13
857250508,50
8899c2050,13
5a4014213,45
4fc55f7bb,5
f35bba490,17
23cce6771,82
cd15074d2,0
3cd423fb6,47
1081dc395,64
35659b2ff,67
6bcb5a502,20
c3b24720b,18
9d8d14332,80
462e25ba9,8
ee58ae806,67
ab3bcad5b,73
82aa265b0,62
f4ac8bd6c,103
fac4230e7,82
72c2a5cb0,26
d8346f57e,71
0e6c034cd,103
6129c13a7,53
40fe28512,82
cc4399647,0
24dddb20c,102
31ad8f4ab,87
c874dbc71,102
63ed2755f,49
c199140c3,28
c6ce2c1ae,4
f3e315051,46
151d03177,8
4b7b43b7a,80
b7c137651,64
8924dae8a,53
3ebeb5ac6,36
62ea468a3,3
a73af3677,67
f0f7de90c,90
5184d47b8,41
9d98f7c9e,28
c3a60c66b,72
50de80a98,67
1b8a45d4d,102
aeb67eefb,52
70c95a76c,67
3a1396fa3,55
380c9c318,32
fbae2fb1a,49
f5a3fd7b5,53
36b0477d7,49
7e2ed4d52,30
760068096,4
754250691,72
f789af170,50
d9e7e7723,45
c8f0b4717,77
d913c762d,87
829bcc49e,29
600bcfc2b,28
27a95ef27,48
42b0abd95,50
53ef32294,80
8bcc6b0a2,73
369e356df,28
eaf6fbc84,31
4091cbb29,0
922e45d33,67
34438649b,43
b57dfb28a,25
0dce2cb5c,16
56697962e,47
b241ccc78,0
72e6235c1,91
ab35917f7,67
657a4ea19,46
c92cdfeb4,14
402023b27,90
282e04df1,46
fcd2cb7e0,49
841a4bd7b,72
7fc947bde,45
aad6bc2bb,78
e7ec33080,62
8eff39ec2,4
622301a2e,103
c3ddcd12d,69
69e41bdea,49
7eba030d5,74
61b1040d7,47
9935f0510,96
914b0e71b,29
298ade3a4,49
32863f792,4
629436111,76
88be303e1,7
8965a61bc,76
2b4be937e,28
16c7a397f,48
da9de3c05,77
59d1b6146,40
483a8e2d8,71
512aaea7c,25
73092f468,67
1d8ca740a,17
150643baf,67
3b79d913d,102
856a55f6b,75
2d40a8e47,81
a078d515d,19
7d2f35248,103
b687e4bd9,88
4efdca978,75
ddb15721b,48
b1fd7a2a2,62
1aa8492a8,18
498de5a90,47
9e421d059,103
57cd097ae,73
ce72a44fe,102
3224015a6,67
6e045ef23,75
d2dc32c18,95
89ef3a121,8
0fde7a334,74
58a2ab14d,43
cb225cfe6,74
7db72601e,67
58ede4d43,52
7af3ecde3,64
6f509e3dd,50
ef65f22fb,87
60b3c1ec6,96
8b2742145,49
58f68539c,54
de06ff6f7,82
653443f38,3
b382fd54c,90
bf7e00572,4
21191d2da,73
a939e29d9,103
ccf2ec80c,67
c931dc74c,88
2957381ac,13
ef31624e8,29
d1edcd33e,70
c0e0640c6,51
744730d4a,14
c6bb832b3,0
96a197cb1,72
56cfcf9da,82
c9dcff9ef,68
597ea383e,68
b080d20f2,103
ea16b16c6,68
fe214efde,75
ad06e1507,73
d0a99b293,67
70077ecb9,56
f5a7cbd09,22
7089f8683,4
ec09668c7,12
88e6ef51c,46
fb87ee5a3,46
5e2125e43,74
51d113f3a,69
ff5d4568e,62
e91cb4f98,7
764a98598,53
a15f2da3a,44
5857637b3,103
1d03ab65a,75
4a3bed1ab,67
1a9d0eae3,48
7371defc6,43
5e4a5b406,28
728a12444,6
83e64f32f,46
92cf0e905,76
a7bff7fab,67
8d53d2814,103
e9fc9a217,47
d6e9bc323,13
74bcea93f,67
3875d3601,40
f3a75828c,25
9009c7887,80
8c0995d82,7
98f577627,49
2395c9740,49
f40dffb83,65
64213e873,0
a007c4ce7,36
8e59ed760,73
19b55b489,45
a82ca5b13,12
6318d6cfc,103
47134493d,73
8b8836103,45
664ab3455,21
9f69713aa,5
3df11cf29,49
2a459a0aa,87
45093c3fd,75
211c90566,75
30f515f27,0
01262c8b3,67
9aa0562f3,71
dc4f97c9d,78
275fa220b,102
5ced5d4a8,13
0072f64ea,49
11db2e1d4,51
36a638215,40
4cacbf1fc,3
23a5ec48b,98
3085e18eb,70
e6c7eecab,103
57d893ed7,55
5d796ff7a,25
47f8f7372,9
1ca8e07c2,50
b601d9f8e,28
abd803ecf,49
c61f34131,102
08271595e,81
1a993f386,73
da2d31c98,4
97ccf888c,103
8f7dafef1,103
95eaa8650,47
b72ac95bc,22
9d9605a15,48
01863f6d7,49
d782603ae,53
f1177451e,64
b57325fc7,53
1327f9bd0,53
48490759b,75
582dd5eb1,73
529f2ee42,77
7d6edd6f1,91
f95d4b24c,65
5cd55d54a,0
8c66b87c8,7
4d0d04ec2,4
4df5a7b4a,87
3ca06eba6,103
51507f7ff,42
c393d0e16,90
1bff5085b,67
0ec8c4296,48
b7c02d7c8,102
eb2216bf9,0
b846a9ee6,101
035f7cb0e,49
114c7355e,0
00ff2c720,73
2e21540ac,86
c46b163d8,40
11ed4fed5,29
79f689862,75
103a5633a,102
92c92500a,10
f5ce3d423,102
624196c26,67
53be7448d,67
54cd18535,53
6009ca42c,75
72d528c13,39
d0411902b,67
bb15fd515,4
ca2f4b9ce,4
e8d0e382a,90
d9d6e7525,73
2bf69c9a8,93
352a2c45f,82
c0ebfe98e,24
f21ab1aa2,4
a0c7302d1,87
2c9dc020d,83
683e58330,49
935518c47,47
e3e51f37a,67
fb745f800,47
811acf839,49
653ee9b0b,4
12eb5dc94,56
47830a2a1,67
1be394776,49
f37a76430,30
2daf558c1,12
5c597c7e1,79
c76daa7f8,7
408b2d234,45
684a48f58,68
67556ec2a,49
855c94fc9,73
46f84af18,98
4171d3272,91
f9096c83a,103
8012c6779,74
dc39aab6e,55
598a1c3d9,68
17118cb89,13
8556f75dd,101
eed18198c,21
1f2eca93a,72
e72ba29c5,87
769f6fb8d,48
99caeeea3,73
7b46c52c3,73
1cb8e917f,14
bf4bc1677,42
1ce1a7e34,102
41716e097,49
1a5b47e16,4
7d6a2ef07,10
c0fb3bed8,19
582a4afd0,77
8801493cb,95
8073355bd,103
42cc20908,50
d0e21eef7,13
bdb501796,4
28dd39f92,14
155c1e966,41
2d0752813,89
e5ee0be59,73
308dc8750,64
0401b69cc,76
61d0998a4,48
67810173a,81
10e3859fc,18
6ff58f465,71
a2b4482dc,45
67873d67d,74
97ddeaac9,93
2ecf2e9de,67
3552b2954,51
0f40f447a,7
92aea1584,58
1e26604ea,21
f18412796,0
75e6b445c,24
e914d195f,4
eed177624,67
230302d1d,83
f7eede84e,78
d00342c5d,13
45e6036ff,53
c6fdffb79,4
74f0d70ef,51
eb0a1b58b,57
4e4c57892,21
d0bb3317d,36
2212d47f2,62
4f855f8ce,90
f58d7487e,62
ec6b3bff4,52
2c2f59092,99
0835292c7,0
93af01df3,73
14a804b2f,75
a42065058,75
edc4d0f73,80
b4663783a,102
cf95485eb,73
45c23ce20,86
21d31d208,48
a46582e86,81
02b01a158,103
69a8e84ba,86
5d58d5dfe,68
6f81b250e,29
4bb5a49ca,36
c8349d602,49
c07cac3dd,4
8a8fae985,72
1d762bf2b,4
f03697dc0,77
5f0542bfc,13
cf087fd47,45
35372e4f4,103
092187ff7,4
7560dda12,49
110dac9f2,24
885f2eac5,86
01555bed7,68
23f7b7a7a,102
139bec7ca,29
906ed5d8d,10
f696ea622,50
1a751ac8b,15
c92860c63,48
d39e4ad87,103
2013e7b99,10
66d3a82e2,103
e207a9c22,49
b30c2d7fb,24
4f756f230,51
920247fd4,96
44e4c1b98,67
1c5dacd9f,69
a7e869862,72
ce53cea31,72
b64db46f3,67
36be47274,64
61f07f2d3,48
6e16e769d,68
117551743,87
5b1f12738,10
9419289bd,75
7eed3c569,9
69a3de639,76
07f8cc8ca,48
46017b3ea,4
a0d5a99e0,53
b6bc88c1f,58
313055a9e,86
b5eb21e9c,68
0a8a36c25,90
9a9255c3d,14
5f84c75f9,7
b8c3f66cf,25
44fb03a32,98
52dd86f38,64
6e979324c,93
2cd58674e,62
090a1154e,42
50c36b121,50
7e61b7ed2,38
03af10094,14
ec55c0f86,4
657d7b6d3,82
1c64ecac8,69
b7063973c,28
ad3eb529c,48
828abe04c,13
a39a47b84,0
bd35bb1c3,73
01cf43e0a,80
675aad8ff,13
f98f94bac,51
61d566521,14
ea755b7f6,39
d5628d4df,8
7a660b9f6,53
b7a8c231f,48
23f960bbc,67
13452bf5e,7
a94f6dde1,72
535695fe2,62
8a81cba04,48
82dd63dbb,47
4f4f5f14e,67
0e3a60b3f,48
c010973b8,89
5892ebde8,4
a1a2e7691,46
1d9693978,57
6959092b7,53
e283e73fc,67
41a9e2617,4
854453303,53
65bd3368a,38
9fc9b533d,67
35946cce9,103
adbd3dcf6,24
0cf33d505,49
d66dec02b,4
360538bb1,71
656cc827c,52
5906e9893,49
576f07382,86
98077910f,91
e611f94be,4
f441c7185,28
cecc8c55b,83
ad9a77e7d,0
3aa210981,25
284fc118f,49
9617ba69c,103
757e27b6b,47
1fed3b30e,81
ab54ef65b,7
a1e81894c,67
f20ae4712,53
7bfaa6c93,83
a84815a9f,92
4831ae48a,58
ac63c6d38,29
e964c6dcd,21
04fdbddd7,79
0ab78aa76,48
1e9cf8264,16
ff0e67f2f,48
423c62bbd,93
05ad9d40c,4
b5f49135b,4
5ec4acbb4,75
69c31f86a,42
b078f662b,67
d0e1963b1,57
52e436680,90
6f40daa0e,48
d82a21bbd,93
5bb0fd4f7,67
93b56e886,103
29add8561,103
93f493575,48
272457fe0,66
8d808a07b,53
5e166be69,82
99e810fa8,103
6be539abf,71
87a338501,100
30d9b6204,91
4b9e61e38,28
c4a376520,93
3474e728f,102
393d8efdd,67
8a81276fa,14
ec07ab0f1,30
786172ac6,48
f4fee0e27,42
12c03d834,4
b20b97998,48
ebc7ae3b0,45
1a5872fb5,65
1d149bccd,13
897e8e24d,53
042c90107,74
56f31776d,67
a025436a1,5
c86cce658,103
fa7866999,48
10c508f77,73
9a4c23eeb,103
5a33b53eb,49
d7d655c8d,14
21ca80954,103
369693f04,69
e78504c82,68
0cfc11aec,49
c0dd27777,41
ce17d08ea,82
d31117d38,67
738989c7d,14
54281d31a,67
de996c4a9,67
ce6f860f1,33
ae2b1bed4,75
26d1f0e73,53
4abbf6ecd,67
7457a241f,53
2984c04e1,8
88fdcd071,21
fb78539c2,81
7fccc20cd,103
6a69d191c,86
6fc119103,103
179aa8d61,45
2d3ea8986,103
b17ebaed0,79
1b0656451,12
a1b523d1e,69
657464c72,71
d1292ab63,73
98cd24c97,4
48689d750,58
2cba09f03,70
36112c4bd,67
ea86d7b46,72
f3b8a1077,73
1ed9fc0aa,52
93e296cef,35
80acbf30b,86
bbad1c1a8,39
6b82e86e7,68
1d49676bf,48
f0fd3d741,94
2b47bed50,103
e7393ca3b,96
1ac65f43b,47
e178e1fbb,67
a94c4d821,80
c44d85f2f,51
58bb4ddb2,67
fdaf286c6,14
a67e861a6,2
035e7fa21,68
afcddfdcd,56
089c2739f,20
05c992976,47
27eb5a7ee,50
a645ada8e,103
7b7cce651,21
69e822cce,53
d8bfdb6fe,67
bce37c882,13
4149127b2,86
e881c39e6,42
501e378f3,79
76e3166a8,102
950c30887,4
3cf6321ab,0
c0a83f8bf,13
464b2b309,53
adad9bef9,93
288feaf8f,67
ff02d53d8,94
9843c53a6,84
dacefb140,17
e7661164a,103
a2fcedaf7,67
4a41ae5e8,83
531165006,103
e0098a158,103
1b0684dc7,4
8e6d1a140,90
c4c802142,49
b5fdbbd19,81
c301cdf4a,80
a29fae12a,29
f14b84f95,43
b45b3f474,62
63348128c,103
c34f2139f,94
ed8f1770c,8
1eb8876a9,78
1711fd57d,68
8701aa4ff,35
0e538051c,4
08302b7a3,21
2c79f3a6b,95
3a6847333,52
5633f1101,4
165766e9b,10
2545ad929,42
49e871eee,0
5fab0c048,40
bd1b3d191,49
61f976a63,77
9a9c151f2,4
3b6693e00,14
cd053695f,94
d146e8595,5
b2a96e09a,13
6e3ac91be,49
0ed0741d4,53
3eba562ed,86
02073dfee,73
8925b37f8,67
f7890fb5d,71
92c33e670,67
fb83a0899,87
83302ca82,49
48c96bd6b,73
212497b97,93
39236fa60,75
6cf753c72,28
ca96ff636,66
f90f6d589,103
ea95803b6,4
3c1645928,13
2542212f7,73
3353b9bda,17
4d88ed603,13
6cd33c3ac,4
4cf4ac658,82
88ab1aed7,10
98bb92c1e,0
abb6d81d5,77
5675c2ee7,50
3be259713,53
26a59215c,53
6a1072588,51
1c4736dea,28
8e92c9811,81
7e512d140,5
5ff5a39ea,73
24bc9be2b,90
494e86d83,67
056767c8c,14
640bd467f,103
6f88cabe1,80
353bf092d,81
34baaa6cb,101
3303a56a6,45
7b1267e49,25
24be941cd,24
3c98993ff,102
2aba48b93,83
41beb5c12,25
811add27f,102
2e31631e4,27
872eafd2e,94
8bb630662,70
d09882bb8,46
411394fae,67
d71ba33b6,67
5112d23be,53
f5ae2d10f,25
4e933f65c,38
af4d8f92b,83
925f36b79,21
114d128ca,48
d83d3fbab,90
f0727012b,83
282419eda,67
e8a5b6337,103
6ba2f9b54,13
e40a71ec4,80
80c9bb328,75
f2c6cb2b4,102
c11fb922f,18
45c11697c,87
fc13d942e,4
832e7cf1f,36
42105b5fb,53
ab473d0fb,11
0e3f76f4b,53
9edb00dfd,49
1aebb60d1,1
ef68e319a,4
87b9d4bb4,67
a893581c4,9
a1ca4c928,4
ed429fccf,49
071eaaad4,90
a6105941f,67
fd311eab7,103
7a011cb30,103
81aae2d9e,94
e1e5687f0,4
6e1842cc3,75
d8a5ce5ff,48
8a18b9699,0
5e2f03974,85
b784d7a07,76
e96b3436b,24
a0faa7276,86
49f864fe9,79
5628f5deb,96
301054988,49
be75bee29,47
bcbc0ec93,8
2adebc1b3,18
29bd0c56d,83
030364f27,14
18e22af9d,70
151e1bb21,49
805a4dfb6,72
02eea69ff,53
052d2dde2,67
e3fc821ef,84
18414db75,14
5e0da2b1f,67
f670aa5ac,36
01163c5e2,82
af8f1a4cb,80
42dc18525,83
7aa990232,24
730d2b0f4,67
5b87d8d4b,43
847ffdf2c,41
d2277f8e6,0
817066a16,4
08c71ca8f,10
62a410cbb,67
f90c673f8,68
497a53f79,0
fb4b0daa2,18
6bb4e9d41,48
2da61d102,64
bb0b0e551,57
affce3819,17
4cf202ebb,53
bcb18c6e4,103
0c76a33ad,68
7d5a95675,73
1ec665f37,50
8de4ec677,102
5ca912390,102
911ecfaec,69
8b86c4635,48
af2a02abc,31
5fdf59f6f,29
9d051fef4,50
7dcf1e590,56
2449b5518,68
3b197ec5c,28
346d6fc1c,43
2d0832480,45
46002f8b4,103
c3bf03c46,73
d637980a2,45
282dca22f,47
e1b3d72dd,96
5c76c7057,68
45a36938c,50
923e37397,67
f0a786428,0
738116e15,41
62b5e80ae,67
dc4338093,24
42a9682a8,24
9ce1a30b6,83
9ca216086,49
46241640f,67
78dbf0e31,4
a8d7d90ae,67
a7046c744,70
8745560e0,81
65bc00f77,47
1b54ef9a0,103
a0b262e40,12
5924c5e47,33
6841f21d2,75
c548502c7,24
f353716f8,77
965dfff6a,57
9c1a396f9,87
98b1475af,82
35c39adf1,40
e57ba8f31,8
b96651b6a,29
a8338c626,102
33ad24008,47
6ef2473d3,13
c571990d4,16
78c19e86d,49
c08671252,28
ed219c7f8,25
f247352ee,39
661307d74,48
fb8be9bfa,14
f638a96fd,54
e2e96c56a,72
9a55c6f1b,52
aaef221e7,48
c1c3919f0,13
37fdec841,93
6a6ad6ad3,79
885d5d2ef,93
e646d3124,41
ab3210eac,75
5b646246a,43
6adc43d81,19
4cc12b820,9
757541c30,22
25e91d523,78
757866231,14
57af706df,45
ecf4c1f5a,86
39327a0dd,103
4acd9d511,53
5fed86a73,49
65b44f1fd,25
8cb3a6ba1,4
010c5d8fa,4
36af4c914,4
333118494,33
e0fe7e2d0,53
19c5ba9b6,103
60a40c037,49
4b69e4daa,49
abb27a80c,28
fef2b59d5,103
20dbff58b,77
ce06ee7c4,72
0c6b189f3,67
3d199ab7c,33
b8ff15213,91
a2b22b6cf,48
4bd5d4982,52
a9f0935ed,49
0a383f1bb,47
f811b7fa3,53
c293ccc31,94
26417279a,103
875d12d36,102
bac490985,67
471609fe8,102
c2915a59d,49
5a68d7893,8
baa258007,25
06ebbb560,4
d828c217b,77
2d17418c3,96
78ceb6218,53
459ef45ac,84
16b00a5d5,49
5826bc1ee,73
2b95366a8,0
e9928cf8f,67
8427d213c,27
1bbcb152a,102
dc8dc1ad0,103
abddbf3d0,4
2e478a3cb,53
89fb3d0d3,87
6d7b4a632,48
8b0aa3f7a,45
a5c3359e5,82
4d0229802,4
9b7ad01b5,48
97808297d,24
61ceb0f5b,94
a8bf527dd,6
eef64c945,93
5eabca233,23
48faecd45,77
05bd91dd4,103
e56916c4c,49
570029ba3,74
e5b0c4faf,53
8ef339ee7,14
5528db727,47
a8b29edd7,83
b364a9362,14
465acfa7f,103
664e5c977,17
24c202e61,45
f68109bb5,38
c2bc296b9,25
daa767533,82
202a8996e,18
70e87c482,91
d32d6ccd9,75
27391414f,103
4cd75e21f,45
25b1a1971,14
c2a609ae7,103
5586807d4,73
30b4b7aea,75
25079853b,48
416b038b2,67
f69e60044,4
5aab08428,67
5eb9825ce,93
70501f63a,49
58ff8f465,49
b61f62d90,53
057112f09,103
0afbefa46,72
be953b60e,102
532160a43,60
5fccfc9b5,77
8fe181d94,49
b23e435d9,73
fb67e5172,53
2c009b580,84
496eaacf5,59
5d1259367,42
14b239870,49
d9f3637bf,13
343a80f91,27
67ecf7563,73
7182235fe,67
79a025018,50
9f447b11f,102
50a1849f4,30
906121480,102
e9a53e9fa,72
778808485,33
fb02c411b,94
8a361b630,80
3901d45a9,103
8d2b32b02,53
5b9de4b19,83
613831ee6,4
b12c4cea9,103
4af75b596,67
d06bf1078,102
e72c5d3a9,81
4c1b8a5c3,4
b25179fca,49
6bd4a7ab4,75
1f244d315,102
6473786a6,103
a43f7fc0e,49
5ed355568,82
d5e054427,73
605131c3a,45
57ca642dd,102
97d3f3707,50
559dc9594,22
7b9220d4c,39
b9bae6b0e,34
5f22d82a2,58
96f729725,50
ea85ab37b,90
bcc60f666,7
9a879fb6d,4
56cafc1c8,14
3655fe917,95
78a777eeb,35
462eb88e2,4
946ef4894,4
abed810c6,94
38c7f43d6,100
c5f7f7fe3,68
af5e2bbd4,45
7dd683db0,29
4479d35f0,73
39a628cff,49
ab5f64570,13
6fd484575,54
6b8f11ae1,87
1d73e26e9,67
7d3786848,67
39e40cdd6,4
45c144250,18
d0cc62751,40
315d0c65d,53
d3ba42b8a,4
ac32140ca,15
ec53bc088,86
3bccc9014,30
046b83571,4
f80b1c8c1,75
fe9040ec8,67
23a39f766,84
8d8da7a3e,102
1c435d13c,4
cd16a306c,82
8996126cf,86
00e3084c1,102
3c36c119c,48
cdbac498f,103
302e11bd2,23
690f1dea5,49
4fb19aefd,82
63bcdd5bd,21
e45a03866,68
b8c434ee9,103
d4e9355ef,4
1fb364cd2,47
903a3ee76,45
91b8321dd,103
ccdbfbc8c,67
ecfc076ab,20
cf86bf7e0,103
a666bcc36,10
6066bf3b3,103
35b66a46d,76
487fc089f,87
54d263a8d,0
3526d7815,103
316c28a80,40
d53eb8a52,103
7b1773554,59
797da59fa,75
4bf799dba,74
6c360b751,69
1d3f0519b,48
cad0e063f,73
fb61eca01,102
9dc89dc6a,0
7dab12862,25
64dfb8137,74
d28fc9f29,67
2e78d7d23,24
c6baa2b95,55
c511b01f1,73
ee9242d3c,77
e4e3d8a4f,80
727d99d68,47
7de7343c3,93
bd0d92568,72
ad81d29a9,7
165ca8a81,59
687997bb5,91
974d0a175,60
9a411636d,72
a6e295583,78
027ff9d9e,83
af181a2a3,10
a10a0b280,47
ea41e95b3,93
36c06efe6,75
d3ccdf536,14
cd4bca93f,50
812b38844,103
c337a455d,4
2080c5234,71
08b4c02fe,67
fc2199013,7
8967f7f3b,10
a3b63b1f7,22
c9db9600e,52
cd86aac5a,4
a91e7f455,59
3f3cfc6e5,103
43a84d203,18
b022bab0f,59
ada0d1354,59
cf68a6af8,15
7e25fdd6e,96
d08960735,73
c2b8d96b7,4
a5d4584c3,4
0693e839e,103
64923375e,87
ff5fdbd84,67
801b2e0b5,38
80c048cf1,4
5f729cf60,53
9bef7aa96,95
381bc1702,102
874df1738,84
fe3642b3d,48
ff889e23b,48
61e0f377c,67
a7eb19305,73
2382c277f,75
35e573945,98
14ad22971,94
7ae791f04,88
c563c699e,73
b35d89433,50
3a01c3e88,59
d5b001638,102
7247cc6b3,68
b260d939d,53
ce6303fec,52
49fc70cb5,49
d01d8d2fd,45
3daea4675,5
3e0dee547,48
355abfa16,49
ee6340fc0,49
5ce48d24d,76
4f8a37fb9,61
361e308e0,76
d0b48815a,53
d7e737749,55
f10545931,35
ab0af1000,49
0bb20e5d8,53
3070b77cf,55
0bc95f66e,72
ca875ed6d,0
98de1be5f,4
9deaf95b1,89
8024a233d,14
178290233,47
9ba782fba,48
7cb1fb42c,18
74aaa5e78,5
c0e30a258,62
6c9aa2460,71
85aeffc62,4
77628c813,67
56a02070d,50
cb1fa5404,49
909b6223b,8
4c4c216fb,73
5c9aadf3b,73
ae6b4c59b,103
6ed6b136a,75
e1d159561,93
0feb4e2ef,10
52491f753,103
09c8ebae3,22
62a7c181d,73
85bde49f1,58
816ada493,53
7409a08d2,102
29f4ab45c,102
3bef19347,48
8a566296b,49
ee41c42cc,68
69dd8b98f,74
4b86a4171,67
8716d5221,77
9556bf430,83
a0ebf07d0,17
1e793aadc,4
6036f3641,96
149c9e414,103
97f545d6b,96
76dd2577e,93
89c19cf37,67
d94097494,102
7223d356c,30
2da86b144,79
cd6fb957b,80
a3a17500a,14
6569b16eb,76
3bb893d48,49
370fe09fa,32
93cdaddc1,57
9264502a9,57
bbaef0141,67
e7292df85,4
f73820e9d,96
81cabee91,7
72033968b,50
dde8d3397,49
a2b499115,70
77e34e261,4
4994522d9,53
b87d8fec4,13
d69a2d62b,53
0b3a02b48,18
166cc9d99,0
dd8b1aaca,88
1aeda3f6e,75
034fca563,103
f2d41d6c3,4
9c3ca26e9,83
5771f876a,49
8f4e1b979,85
c7cdff2f2,103
b57f26c3b,73
4b0320af7,13
eaa6a3f7f,73
dd14b70c4,102
91a2ba8ab,94
83714b580,53
22149c3fd,67
da5d0dbcc,55
0e7c4c272,57
9732ad4dc,5
a40c5b66d,53
dd4899180,103
85934f1fd,73
32d9fa7d1,71
1c4a00029,53
e25ca1054,4
92e74b080,51
4f363e9db,68
0a98a2179,49
2655440a4,4
0b9edd8f9,70
c74e100ff,69
a475599ad,14
078233359,50
1507fc4a8,49
9e46889f9,102
0571dcc03,0
f0f2f3e0b,4
02e2f1ca6,94
f5da36491,68
20ac1c597,46
41f6cf7e1,48
ad7707082,48
5934fec49,13
b6559ddf2,50
110f7428e,49
8bc85ca8d,10
4bf1812c6,67
2c2ffb258,79
e8746af68,49
d2e838de1,47
07a4b0444,53
2dba0571f,67
ac1c8b1a1,9
8fa62ef13,103
e2fdce920,4
6f50f7647,73
26806e9cf,87
4c0f2c1ad,45
146463828,56
529e8c1cc,0
7d1005a2c,26
b96a82543,50
d9111ad4b,75
43ccfd5e2,67
3d5479aca,46
8f8ba278f,102
f0e91b85a,103
8d36d1fd7,7
b145790f2,0
5f3773437,71
894696267,67
656851f72,103
d0cd8ecb5,0
366fd6686,66
4ba73aa49,4
fd168583e,4
2184fa6f2,8
719aed16d,103
68b3481c2,80
d09afd3b0,77
7e517b238,22
b104b01c3,28
978d9e4ce,18
27ba808dd,56
f2809517f,102
0d8d7ecde,49
1fb1edaca,75
f62c0973f,67
d6f707315,47
3406f987f,54
71c1f0507,4
7b6338bee,4
a2d6fcb7b,62
88f8cca3a,53
760a844a4,75
1e954dd4c,24
8fc8e6925,42
2b71757d7,36
18fba1554,52
505472dd2,48
0a73725b6,79
79423d8e8,88
0af1026b6,103
7da20ceb0,62
97cf2d9a6,103
d4bd9703f,69
cafd03a2f,102
b8612fa45,75
9c0cad204,53
4ac812558,49
b7ff1634e,49
bc53d427f,4
54c0482ce,89
11f448738,63
6a29fea52,41
4d05e9395,83
486248544,4
69d14fa3b,13
dd1e506e4,4
8fb591dd9,25
a7ab2ef02,53
9090142e8,77
2cf6e6419,87
ad85435d5,67
337187c30,67
ad77c781f,53
3cbacf373,103
eb6dbc774,75
8fa8ee1c5,21
100c6474a,43
2ad779d27,4
6f09acc36,27
fd6b80e18,81
57c0bd843,102
5f66aedb4,5
b27c04f88,31
5eb03fbd3,67
79f93fc6d,67
a0277cf50,97
ef591cabd,23
cdd700dd9,51
5885a2c34,74
d470e311a,73
f85c3cd52,48
407df102a,40
bf4c39972,4
b8bc9b3b2,71
348bfc268,0
498d46ee2,86
991108b09,0
be2c310d5,93
b4405e586,67
0be370901,48
818253773,94
734fc53fb,46
87fde6edd,22
3d9c51d3d,53
f029a3429,48
f421c6ffc,73
afa55360f,73
8d6e9cd06,93
07be81d64,67
184b78ad0,67
557117401,73
db63379e2,83
2a499fa40,67
6e3303932,55
f9618eb56,50
f247862ee,94
339430425,51
8e8f25c31,87
3b6e604d2,67
202b90ad1,49
61b28f8bc,64
e9c29b67d,48
5da2bfc47,39
0de25d05e,90
92a289926,73
55603d86c,43
eb1ac3552,4
23f8fc3d9,48
6bf4a58b1,67
eae09f119,103
5dd6b63d9,47
0e1199571,4
49292d94c,49
00c12e4ff,49
b0b2364f5,68
e2e8f7c06,80
0862d460f,4
9aa2210df,46
d2b357573,43
d829aea86,49
a4841f6e7,0
9123fc9c8,0
455c7b67d,50
07ce81250,57
c0edbe84c,95
3f7fa081c,74
e91e87dd4,48
7f5e3f4d8,74
33096a299,4
2688859c7,45
4e4504ced,94
b020fbff9,53
21c09e349,46
b41fe0aae,82
785f14a23,4
cca529347,75
48b84677d,32
9c64cb14d,90
7dd20f99e,85
ebd098414,53
99e7f0526,14
96cc54a3b,103
f16b615a7,62
641ae8aa0,68
ae4b7aec3,103
74d672d39,43
36d4c70b5,29
124e119b4,13
45a842008,64
71149a63d,67
01520f1c3,90
50a98f706,103
96993f959,67
8d1bc9b54,18
fb60964fd,72
78f5768d9,49
1314201bc,53
99c14d554,103
7cca3e7ec,4
3ceb3dfc0,88
b9204c339,68
34d222c51,75
4546ad0cd,38
e291c8794,94
2e3fc37e5,0
7683668d8,33
06acca7ac,73
dde1f48c9,9
9a3fa2c38,73
5d56a12d9,30
33332272e,103
4fdd76274,4
8e7173502,103
151cd8478,82
b9ba7799e,13
acc377b86,41
d16bd1260,82
3f36a62d5,98
f9b3f2991,103
4c0a72203,24
ea32570af,13
ee64fb7d1,10
6dc1a03ed,73
1474acef0,30
a1b220f98,65
f80f02286,102
6dbf25622,52
e394b0931,76
4630fb885,103
9cb714943,4
6baede1f3,83
1fea6253b,94
41dddedd7,52
2dfc47c2c,67
517ed388b,67
a829407c3,7
2af766509,21
76809aa23,11
e7f0f1e63,57
e6c5fe236,48
671ad3443,67
0a2e4e1f8,68
f8b87bb44,87
e64905c2f,31
f21bd29f5,4
f5e86abe9,47
5d17abe47,41
ef8f495c8,67
f67795cc5,72
2c6c478d1,67
9d9654afd,13
c85a1d564,25
413305146,10
6d8432929,49
b72fe5b8d,29
c8ff3649a,77
ed7123e07,102
6d260c2c4,70
3aafc89b3,71
4a42f34cc,79
21a5f41f7,4
aca9ab734,103
23620cfdf,51
e2a511303,57
eda0c70e5,86
3863b7205,49
6d233727e,11
139aad8b2,39
f880b1d01,45
cc0db3719,48
b067fabd8,48
2d46aba06,73
df89c0568,69
964412965,67
3b66e2c2a,13
ec40512de,28
f3300dab1,75
fc2f9869f,48
ef799e46d,41
88c6b5f1d,102
df5a78c3d,67
74ee51f2f,67
19e07f757,42
7300f20e6,48
af669d8e8,103
31ee17f77,49
623270c63,70
46ccb6bd3,67
1f7554862,13
57787a61a,93
a12ed8ec5,73
264d83a6c,0
433c9564f,94
5745b1abc,72
b7aca2c8a,0
37cb79b63,4
9e4d41ad4,86
9b442480c,103
527da06dd,53
dfceb73a0,4
cbff5d0c1,48
20e16a0b1,78
773cb6978,10
abd425a9c,101
b5ac11272,96
ee652c6dc,49
ff5892e0a,23
6b227f122,30
10b54687f,45
7cd4cc27f,8
cbb2dd81a,69
40b3c6e51,96
6f4179bbe,102
d6143b4d4,4
38b929b8d,16
5a2fb5300,103
84b7495d6,87
6e7b8fa3b,81
e5a6a39de,4
7a552ca1c,62
ce2335977,85
625a9dbf0,102
b26f33224,4
82856ba28,42
ccbe77cf0,73
d51f2e142,45
76311e00b,25
031a7c19c,0
fd44aaefd,102
8918114fb,10
b63c59f86,49
c0ecf5eb5,75
147e5ef99,102
11cd8f57a,92
4342207cf,67
6a1a8e17d,52
df4ae0415,67
22be03235,47
ed0be72ef,10
d1eebfd7a,103
9f5dfd81d,52
6f238770e,62
f21f7aba6,10
cecb3fe1c,75
22adafc7d,16
22915105d,63
e8cb185dd,70
8f7809cb4,74
7668e5204,103
6c95b6248,78
4d8731d6a,103
2a99b0118,67
c1e7e7867,76
f4684cdeb,67
5762da038,20
72606e8f3,87
c8c7e71fb,103
2ffc025ec,14
0bc02eae2,18
2575123f6,67
6fa36a899,94
ddaef039b,73
a4c653f29,46
f7457839f,7
85d27a16a,53
0847f61d9,73
689a0fbd7,73
58ffca855,73
7fc99345f,98
0cbc27679,102
b9231d9bd,2
9416364da,49
aee5c9b93,47
ba32fd161,75
eecfcfd26,103
5607b2020,39
6dfa10ee9,36
c63427eb2,99
8df2a19b0,62
3267460df,90
2ad78f9c2,48
6896dbe36,100
2a98afbbb,3
034ef87a4,14
7be2867e1,4
fcb500296,91
71c31d4be,4
23b33fd15,103
0bdbc4859,48
edca7ed7e,5
6e93d8d18,49
1c946e0a0,24
e7638c0a5,0
f2cb54027,10
3271ed094,68
086d87731,48
250f0fa92,48
c429543bc,77
3e17385dc,68
a4cd1d43c,67
b9b88996b,94
bb0b9304e,102
4646117ab,12
ad0d1c07b,13
c62460407,90
c2fe4e836,10
4f4574478,0
d4afbe85d,13
68caf79b9,75
1c4bdac93,0
3a3274d90,68
1a4dc4b2f,103
fee9f7c67,49
b3d9e6b6c,4
b335b5bd7,67
257de6c9a,10
b2d3bbf61,68
007258826,49
bb9565c29,11
808071b96,71
ba49d2dda,102
547e41140,67
2fafd906d,81
36da5e9ca,53
3cf641526,0
cb9adc4aa,103
18d6844a0,49
a1cce28af,52
4f06ca2cd,67
20563ebbc,67
92025e489,28
176afa321,47
53cd52d9a,51
0d5832dd0,46
04d9215b3,4
a1b4dc452,91
523df966b,102
77aa8505f,50
915159fd1,73
a45f859f5,87
6a9f813a1,47
9e011c986,8
b37712a07,14
1971e15b7,49
3d99a3247,102
0ac2378b9,86
79cde037e,103
2c061c902,103
e256b0ce1,67
2c54bc2fb,80
89c87633a,91
93178e5ac,73
1b2d48186,16
c50ca0af5,10
84a3027c3,50
cfdf97182,102
a41d29902,103
8cee8b405,53
1e8175d27,17
e87044bc2,12
e12b35292,55
3c5f0c3b4,13
001e13533,52
97de1dee0,49
44903b337,73
f39ff7ba2,103
f7019798c,94
9ec15c151,74
38765c6bd,103
9d77e8b46,74
7db44032e,94
9367b53dc,50
1b7916b63,102
206696cbf,13
e98492667,76
548a35991,53
f05894941,5
69e5888fb,73
9428dd133,53
f52f85873,94
c3222a379,59
5398f55f4,73
155f68180,64
33948db2d,50
b3541d83a,80
50ee680eb,51
d25115245,49
43fdb00da,47
b86044a66,34
c9a7eae13,74
856565e67,71
4d8257f18,91
62c459f66,93
8a693ad10,51
9ed93a956,95
d4ac640c0,7
b1845770d,41
14fe67e77,75
ccde3ea45,12
c41a4be65,75
2bc4dc850,72
ec9d1154a,74
8ba970109,98
43df50ed0,86
bf85f6b58,0
ad34c1f34,64
061e6510e,67
8f206287b,48
1d24f052a,10
d5b91872e,81
07b2feecb,76
5b3739564,76
e7d33e06f,79
977ebbfb9,103
79c5126ce,4
93c15dc29,10
5172a3da6,96
c43ae531d,103
534b7cc36,50
5c2b3adde,71
cd27460a9,103
228f748d6,85
36f02d6c2,93
462a4b1f1,67
d4ab201b8,79
4c5a20840,4
91fae734e,103
fb532209f,46
72589c9b2,14
52a88af32,28
74a2503cd,67
f38fe4cef,103
38ea80b60,81
71c381469,47
ac6d42eca,73
896467495,70
498c0b419,73
fee53d77a,73
bc8917394,72
e15365337,95
a44826a0e,53
b8fd3b2f7,75
7b566ed00,68
bda439192,50
974a99cd3,53
bed5e7833,36
a0affbd33,51
d4610121f,45
831348989,36
7c3055bc8,80
182c9e6ef,73
4ba2dc197,29
dc2ff7073,94
0698ae8e2,44
1b474b251,81
4591d2725,0
fd5eb7e8c,0
1e2c7b899,5
230b4a95d,43
3231f45f3,53
b09f6318c,91
19d5edc51,51
c9e27d0e3,49
469301bcc,1
f9acd27a7,4
8e612d36a,45
da4a55d56,26
4244d98b7,4
52378ff5a,0
26b07058c,102
0fea673a3,52
8e96d5481,85
b273a1ca7,73
a1ae9344f,13
1da642ca9,103
8d94bd8b9,102
a0add49a2,13
4289422a5,41
9de01514f,0
77a987385,80
ac7c6ce37,12
ad153ca7d,75
c144ae440,103
3d087513e,0
50ae0bab4,42
e7b039312,88
8a5e8c715,27
f53f2f68b,103
2ae85b034,53
1c7354786,51
e1da2a9a7,12
9199afd98,12
8cc1fc2f6,86
408fc944b,36
729ac5e06,0
67056dfa6,75
23ee9f44b,42
aba2f346f,42
624d13949,69
8a4dedc87,69
f2db90ee7,103
5b3de280c,81
f0c153cfd,40
d49030919,75
cbf0f9495,73
2e1a7e4a8,71
f8d2fe6e2,45
6433f1917,67
c4d436848,93
ea6121903,68
981687c64,81
7894b3f5a,47
2461915f8,102
401730197,51
c70d94083,72
38d113afa,59
dabb82074,48
467d1a4a4,81
ce6b42efc,53
2b3d7a7da,25
fcc54c894,73
a5ae66568,14
dd4cb3fbf,39
311799a0e,48
d228d4fca,72
3c401022c,10
973cdaffe,5
4fe65e8ba,49
f616c93fb,103
065c9b5be,59
87a93b8d6,11
04a9517b0,95
88e754f35,41
048596edf,49
d97215599,13
fd33b68d1,67
2d3c0a80b,103
4a30cdae9,0
587e44cea,86
4a9e8f7f7,68
d3f044336,49
67a25ece3,93
f735fb308,24
957f42d35,75
b9a264608,90
b82ef433b,49
d8437a7f7,89
d85f2a17a,8
1c35c04a8,53
4bd6a1f9a,103
e5eca71e3,4
8c7c3dbb2,48
3a1d5b5db,67
89ea4a518,51
3dbd32e8f,83
7b151e3d1,90
4c039d563,103
f1e56842d,98
c96004e94,35
a038cdfb1,103
26d1c3498,8
8cf4b952c,93
a388602fe,103
b5fd782ee,28
73a3ae7ee,47
405bb5363,103
9750fe0c2,4
9372a8558,80
288772300,49
2f36a9903,49
f59c3ad7f,103
17d0be640,75
4d7e7b6cd,76
2f75192e2,0
6094552e3,14
5554ae705,49
8ad63bcf2,71
206b27d1a,103
398744450,100
1ac744f9f,81
1cd461407,1
5193214a6,35
c5d48fbbf,67
6abbdbbe4,76
38f6562a3,4
9af5f572d,9
c8b1673ca,67
a2ca3206f,48
7777e7e44,52
0ce7adbea,39
f6dfa3eaa,67
c87c12901,30
c980fa8a5,67
db0212bef,14
b8c82be3f,48
797d44519,14
4955fcb53,73
6b3c00c84,29
625ea352f,19
fcebd07c5,67
cfc106ac3,67
ea36e1b93,75
f5277593f,14
a53fc71a1,47
509965df0,40
4de9ab35b,46
24d5596ef,103
fdf7c8fe5,49
6a881ec8b,17
c8c92b3d1,49
acc5f6c4f,44
9409f8d69,88
46656822b,73
28aef7cc5,47
241a96f41,103
03c54f05f,67
6a6689958,14
1a2ba059a,11
6a099e4a7,45
f69023f40,103
27dc84ff6,103
6a664ced1,73
ca865c4b0,40
3a81df4d4,64
7e1f50feb,73
3756769b5,85
95a6fdac6,50
d2cd8b9fe,74
ffd3661d4,102
8a4c6a3e0,11
58e9042e0,29
465605e5b,65
c84ce54d5,7
0f9da9757,67
61486eb05,60
0d97ef626,96
5ed174c75,96
d278a4f7a,103
cac40db60,20
656c8e1a0,78
9b444719b,102
0de5f6578,43
1abc6d06e,73
ee83eaa8f,84
2f2b2a1f9,73
7257ec39b,75
ed127c922,73
7153f9700,96
4eac8e323,72
522ea009b,103
8a952300f,82
18abb30af,4
7c23c9246,70
a94695f27,51
f2aefc6cf,93
9d3f09890,13
c17b6ab8f,17
bcd77e220,5
24261e7f3,69
fc70a3b37,84
f83823a7e,57
cc7981c1e,49
23052c6f1,77
87acecd2a,67
911c029b5,24
f85f090f3,101
c82e8a869,4
27c1d078f,18
f796dac32,51
50bb7de2d,4
c3c540406,14
2538e0716,14
ee23e898a,103
bd6ee4ac7,47
aaab6a867,47
04e0d362e,74
a7464ddab,0
d5f6e40f7,69
e576b00a5,21
d95bb7f70,46
4c4fda276,103
691acc46f,53
5de6bcf29,50
706aa9df2,56
550290aaa,13
7a538b99e,24
310f07ff4,49
8ccdebad5,48
b6ef5389e,74
3be948614,7
967133383,61
bd8830a6d,73
11ce56786,29
088b35ed1,75
37377ab6b,53
c77e635e6,13
f69355cc5,75
a1d2cd9b9,73
a6e627c10,4
3f1a86245,90
eee191638,95
39c56af7c,62
0cec3ad84,48
8df7f4638,67
185f4651e,82
909e04f8d,67
388606357,74
7f6076e29,2
0ec158f7a,101
0edbc1625,4
7d1794961,47
c19d02d04,67
03f8a7638,48
4f87dd5ae,83
ea0d2354f,102
f8933e5d2,47
e1f2ff623,103
85c40deca,68
97a476deb,48
27178e6d0,86
5b69d3121,95
435326c89,103
ae62dc8b0,7
5df38050a,75
3cf28a050,79
f87390b13,67
e0df04630,17
24526b077,29
7ac6f5ed5,4
c9e727ec7,18
025960a54,79
74f1c073c,50
6c52831b1,97
afbd78d62,73
7a90903de,73
0e9e5a0f0,75
74fdf6cc8,12
42ed99f8b,67
71cc05cc3,39
5da84086e,58
d92a98c89,53
692cfa850,50
8b4b27e9e,48
f4dd28145,94
fac66356f,20
59c2eeeb0,53
79245d0e9,10
2c4213574,24
73f18defc,93
91433794a,7
09c2d54ec,56
6c4b066af,4
8f215711b,103
58dc520a5,34
fe40a3dae,45
9e7a1bca6,70
3c425da53,14
2df00f8e9,13
57b90f0d7,76
dede702d8,22
ed601a04f,13
3e4825fb2,86
79901d55e,59
357b3b1d3,58
eaeacfabd,39
4fe780b27,50
03e5f5846,46
486d538e1,68
207684fb9,67
bfb86b915,88
8e5430d77,88
ffb840ebc,103
a64d32c6a,73
8429cc1ab,86
40073bdcc,67
329d815e5,93
0be01212b,95
a7b95dad7,103
0208143a9,53
630773b7f,69
5567bcd26,49
5cc548c43,67
9000b5760,69
0c56833c4,103
e20191edf,24
9ec91d6b5,4
58df72bc0,8
4bc167a81,4
1c8122f7e,87
3debf4070,14
1b426a50d,4
fd1ebe8cb,102
a86d3684a,28
366a3d04f,48
fe1857f3f,43
1c5a3287d,103
135359fe2,29
f1b2738d0,17
9f80ffecd,41
f5c310736,0
26d9a1072,77
ab78481b6,103
88de21f46,55
378c2a70e,72
e6798651a,50
54454ed83,43
240e151af,67
fc7362a16,67
5f15c8bd6,4
1beb4e8ef,50
44d4d79f1,53
e85121a2c,49
1a6b89e31,48
9a6a82b59,17
8d8c840c4,102
151b27a24,67
75ef86e19,10
d28273036,74
a11918aa3,53
d1a2458d7,67
9d7baffae,4
14519334a,79
7f7b2c732,85
8b01cbd62,4
ef40d788a,68
b0c17d5c1,102
9eac41e56,47
e240c69a0,102
10950efeb,71
3f36f3f32,0
85f511409,103
f0ca69363,25
5c71c2638,48
9333ee3f5,42
1a902c080,49
a2f66236c,43
ae3a8a68d,13
6e4e60f69,83
7f7c6d039,53
f7fd08c1a,73
fabc19e97,96
42ec55913,55
c2ad42df9,74
9804741b6,53
02434c828,41
b79cf00ff,69
504495975,49
478e21c30,14
35e87cd85,52
db735ff57,18
d9a466069,73
3f3977d40,73
488cd2512,95
a6db70773,47
0fdb2e372,39
21c3d4a53,79
0ed9ee6bb,67
bd9cf6b4e,4
8b2b9d6c0,103
241202d64,72
b2d223ece,48
ae78a372a,48
43c7672d1,103
f7696fbde,13
b9fb3d0cb,29
e66879b66,103
afa2ae498,9
adc3d214d,48
5bc0988c2,9
9db94c1aa,79
9390e29ac,47
d8d29bcf8,0
9d388b6f4,4
13fdfe24d,92
27aa48f60,12
6bff70a64,73
a85e27a09,51
a6ef2c9ab,49
c2d0ff1e1,4
3daf5597b,24
ff1935c29,11
75c1b1a9f,68
3433a69c3,0
334118e8f,0
777ef8066,90
053198ea7,75
5b15fd082,100
af51f29c8,65
6db4781a7,10
4f2196c72,86
f7f17ae72,0
38faa7eb9,46
7a2a38d8f,28
5954098e3,81
502aa0fed,53
efcc34447,48
1ef2e4de1,4
e88d42b8b,71
dd4a193be,9
a7bb097c3,51
8fd2c007f,14
c0f55d16e,103
2fe816ce2,13
e345afe29,10
15bcf0bc5,79
b631d859f,31
1a5d9c089,103
5b1892dfb,22
ed087f460,94
792982c6c,14
546744090,49
f50873a8c,42
d493e1205,67
98e101a61,13
4751e93ad,4
a9a679316,103
39ceb1ff2,94
c95269a6c,48
3294f5eb0,24
314dd31b2,83
4c6264df6,73
eef606ee4,80
884593f79,70
a8b46288f,5
2e9790332,18
c323bee87,28
610314687,73
4e19a3a2f,65
bcebc0b3a,49
0a63cce73,103
086fcc48c,70
53c6c23b1,67
d0e47da08,102
e14129a0d,60
609230590,0
fa0d9a392,4
12fdb3200,9
fae67c6fb,24
534764190,103
8d729fb61,28
2a914ceb8,0
5e69e6a8e,93
4746340a1,75
392d4f5ab,13
2772dab8f,102
a546be8e9,4
671c7b595,10
846099053,93
efe50806b,67
088864629,56
6aa4095a3,59
a19256173,48
7c2f23622,91
69f5b082c,87
a1f8b0936,53
93f0dd7cc,75
6d34e11fc,103
0608f2ec0,0
6c77db7f1,103
4f14ea184,73
9db76cdc8,80
e95ce8077,91
f2a35c7cd,103
6fbef3988,97
6c7e15c23,47
fe1fcc972,53
7fd945d34,47
a97dcebf1,4
2083b8669,103
0a7989f52,64
47f47a868,80
209b4da16,4
4f21ae7b6,49
492cb82ee,91
967f27ca5,91
ac79edae6,23
4f5a0a2a6,67
8fc79c991,49
3ad3208cd,103
1363038b9,53
2118eb37b,91
c0e7198e2,58
deb571149,43
6dbeff852,71
55a7e02a2,67
d982b80ea,0
6aaaa29e5,53
eb4dbb060,83
5bae6010f,56
8af4a8896,91
e6c3f8ec8,80
852b5fb74,13
db04d5ac6,103
b765dfa87,73
4b6dff5e4,91
7775f87f5,72
f6f80e6cd,89
8ccadcb08,103
4c4a8848a,8
d9bc877f9,103
897a2400b,67
a6e42d0ec,56
e7571886a,4
e96d15acd,50
931e94184,47
14e124c03,4
be2773579,14
c87bbe155,13
51f607616,14
2c8530a58,70
66f455e67,53
b9fb466af,53
7b437ba4e,9
51eb14267,103
052e7f031,67
54296cd42,88
04a069392,75
b3faa4ebc,71
66df2d548,67
d9e1e54c4,4
f48aad6a7,0
894eeb28d,13
3e7ae2503,4
e163f8333,68
fe590ee52,102
2bec0d2ea,103
878e5d725,53
57c754d1c,102
f01658320,67
1ee5a55be,28
648d6e1c9,49
a5b604f04,82
26ee00728,2
e635de77c,75
3af4c8105,103
b187b258b,36
78a91fc04,93
66cf381b9,49
085b33a8f,22
5f024c911,21
d169dad5d,95
0aaa84d90,0
27c74d8a8,71
37b58af62,12
a3fdd2210,50
29040ce6b,4
a5988f75e,53
2f5064517,72
f62d1e472,50
0240a9430,0
65f299d4d,103
7b53e5791,67
533d4492a,56
40da3a46b,0
b14b95e77,0
7796dda43,55
0dc507ad4,48
1eb6f22d5,48
b8e0b2ee2,25
c36b30d62,49
f468cfed1,67
17c8dae41,72
40d992dc1,72
f4cd5efa6,69
745cf5ce0,49
fda794abb,81
db4a05f64,53
4d4c87a41,79
689eb9f68,74
9011dddde,82
fc220624a,18
a9cb1cf8a,18
c8bec0f66,47
90956475c,50
c8c88493b,93
c93150ab0,88
147d79f8a,47
f67596886,103
35d5521e7,53
c7acfdba4,53
2c0fac807,8
cb4330abd,78
8da1e9ab2,73
3b59b7879,76
5ac870ba2,8
6fed43511,67
43f34500d,4
1886b234a,4
f92de8523,29
f718d5fff,102
ee705e49b,29
34302ff94,4
94cf9944d,73
155fda1aa,0
a7b14afce,49
5ecc1c8bc,67
a2e48b4b8,63
e210dc4ed,103
19b1f6ed1,82
36f394d24,63
5b45e7a4c,67
3d6f46c76,16
8168ee82a,73
f51e1baf9,6
9f0f27251,102
e82bb0f6b,57
353d4bd0e,76
a05706206,102
807ae65c5,47
c82045295,12
1eabd5622,9
49f98b25a,79
d9cb87ad0,64
18a0fa20c,50
246798d36,4
4b4291637,52
bed3cd944,74
3d7e6922e,26
299e1957c,48
9ada0d093,93
467025843,53
f9dcd69e3,67
a85a06d9b,75
5f2c16024,12
e028101c5,14
8695f4633,52
71c57f5bf,70
9c1ca344c,80
92d062d8d,71
1e59b9929,37
37a4efb7a,53
71273ba15,75
f8b20dc7f,49
7484473e0,87
afd56596f,67
0c076890a,75
2994ca253,71
f93b17627,47
3a49d5a25,4
f55caa50e,12
c3d03598b,24
a13d3dfa4,50
7eb08a18d,73
d66f375db,95
2c73bd62a,51
f509e2cff,0
0c8abe310,9
f351a6e43,73
ff264d2db,76
1218dabe7,52
6f84aa228,61
91275fda4,42
b7882444e,53
4b781211f,70
25e5d12e0,67
d1e91d28a,93
dc53769ad,73
0fc65150e,15
d08be28c6,62
7b6d30721,22
e42b8cc4b,59
9c54f2285,93
d325e5d76,14
1ca3b1ec9,67
a11aaec4d,12
2b347b559,57
237fe1fb0,37
09bc0c309,102
5fbdf775d,49
e3b9acc43,41
20079ffd6,103
3aa882bbe,103
5a11b89db,68
92d56d30f,30
2103e7549,90
8097bc805,76
db9c84b18,103
2ae165ee8,76
a622a8c05,83
05c9fcf03,53
323884b26,30
c590e76b2,8
57fb229ad,75
a1dfe6e17,103
c51ad1704,76
65c796a0b,48
66cfc023a,18
166c6bbf7,72
9a33c631b,4
86f4d84a8,30
04a7f34aa,67
30c74817b,91
d6503fc7a,53
979d4369b,65
15ef197c6,84
f49141ac9,49
cbbc6e017,82
57f357144,93
b32d80296,79
3070a069b,73
bcb73b724,30
42ce82871,48
67714a8d8,67
d96c3a358,102
c4e7f3aff,52
480dbd0cb,73
5e76ba18f,69
08d076fb7,75
0e675095e,67
bd8139bb7,4
c404b8c8e,79
db53bafc8,56
6a63a8764,73
b1de2b162,103
474219bf8,103
f18556a22,103
6f845c04e,68
a74852f37,0
3da7e8585,78
6b9570949,82
214121cb3,87
e6dc466d6,14
fb5b6c2e7,97
61ff4902a,4
b30ac7015,18
7e8b191e8,68
65d14bd99,103
649dd8ff0,47
b99ddd49b,45
c6774c8ab,102
3ba519bb8,45
0a117eab6,39
dba8e8e9b,85
1a96992d9,67
55b323b0c,37
ce2745e96,52
632b5d37e,67
a9eaae137,67
da0fc52e5,73
8fc000b1f,0
64dba18d7,0
adce755bc,10
3a456593e,52
11e3afa83,103
13c92db23,0
01ce7d2df,12
2a94eba93,73
53622739f,72
29d710a29,103
8a428ab24,55
9cf28dce1,103
c099603ac,14
5a543e058,49
db49060ae,75
72b64a25f,87
b134d8c5d,67
68039396c,75
eb66fce7b,45
6ad636b14,7
42acf797c,42
2af4172c7,56
74f238044,4
b5422eec0,48
189976301,67
0e5e79e60,11
4cb8ab033,60
43b2ec735,24
4d178a6b4,73
832bbc430,4
08710eaac,49
bf8a78505,39
4a9f824f6,67
4181451b5,40
75eca83b3,103
a8ec16428,102
26a9dc162,66
be3873f5d,67
a3d0ecd9e,82
275952360,28
c0654d4f5,69
0a399baa5,4
5a2911399,0
3d814b28f,53
ed43b8e78,102
cddf33a9c,103
f1f288bd8,97
f5d022470,55
486715238,7
08bee6dbf,93
fe6991e3d,48
df5392f38,68
3a29db605,99
2451960a2,25
94ef8e44e,9
64e5e148e,67
00450d304,46
97a7c1e5b,87
b52d8f0a2,47
9e3ca10fb,15
eaa8b622b,73
50a645c94,37
d01453352,4
e1bcbc106,73
2e494a369,70
f34e6c4db,40
7e8d0ab34,48
4a608f8ad,49
ebe718ae0,52
8afe59d10,45
3eb77db12,102
ac263553a,67
df88a9d81,73
b605cac2f,88
528c13be5,75
8228ed988,14
e3efeee68,72
aaa580243,82
ab254cf0a,15
a0ea70e97,28
28f0909fc,86
b5a739d1d,67
26444f504,4
34f820893,41
201a74da3,27
17c2e1b73,48
fd704758e,103
85c997028,80
7dce481dd,103
3c87fdc0f,53
6d16c986c,67
83a004123,4
dc5498af1,41
4e43a75b1,0
c2e2626e4,81
a31e545e0,4
934072bf5,53
aa2b95145,92
6c14532cd,48
8eb564814,70
abcdf9705,41
a1c45a1eb,76
97b161e96,67
3a19e432f,53
a9cfe91af,79
aa063d915,67
62e32ec91,0
e71ef6701,4
5d4d774bb,49
78f6357bc,50
54b444711,21
39090147b,88
6953f8992,43
bb0e5dbe4,30
49add67af,80
06631da4c,75
940485a6a,103
5a74ce4ab,10
a51b01392,90
8a7b93f64,75
096e3e1fd,87
5699993e6,14
d14a0c9d2,4
116dfb5a5,55
9a6716090,67
7dc21298b,103
6d822303c,14
e9178e294,4
57b85fec4,22
3feba0f46,86
22c98bd18,72
b2684281f,25
3d44a717d,57
fa43f67ed,103
a4513ca36,102
f028e8401,90
b82ecce8e,13
de757dbb0,103
1289609e3,102
bb88f386b,62
29d5a8bd5,103
82316b58b,45
785e7d196,49
0555a95db,4
7bed881d2,94
c52257cf9,73
0d613de49,48
b167313d0,31
ec3f90c05,67
be1b79939,4
146fc86a4,88
8d4c9f88e,94
536842c4b,92
e8aba010f,74
789f0394a,61
2bed40346,13
278e6c9fc,28
88f935ebe,73
4208f72ba,0
d390d32c0,4
53cf1033d,102
931cd1858,53
61f237fa5,50
76f661311,53
8ce0043be,11
19a795eab,42
7cdae8d89,4
83f7c30e9,67
3ad81fa96,49
59b2a320d,93
98ecbe0b3,4
cfe6b80bf,0
e1f685853,73
32bcd07f0,0
8a1f6d193,82
ddb84d9ab,46
904f86ba0,28
50df03fb2,103
434079379,14
dcb79c93a,73
61f3da6ae,55
87a192226,14
2a608c0db,103
a859410aa,73
32a1d9f65,40
a2aa2199a,66
89f3b6297,53
1bbceba89,67
c6e5bc142,67
90452c872,68
1d1f028b2,73
9015e43c5,68
edbb2c2f5,48
83bb94c90,52
e416c112a,87
8bf87e69c,76
0313b9d4d,81
450dd240e,94
fef98a71f,73
8a4293e72,4
0aa1d9c98,69
d4362cb73,103
4e686a694,90
0a71ab4c3,50
c4c9b5dc4,49
9a167fc40,103
4cc87897b,95
ed849ee3c,101
1f631a7a8,79
c1f89f237,49
5d171dcf7,102
87ad47626,48
75d3452c1,7
2c6e87c72,94
f9c931893,53
abea787cb,75
e75ba2d32,13
0dc26fe1b,47
a167a159e,50
cb5c98667,30
209e45144,49
d4bfe24fb,46
7e85cac95,5
e4cac2e07,27
1a33ad4d8,56
e58b03040,72
fc4e90060,67
6fd250f15,103
75e80fdfe,67
e799e6e75,4
f8221646b,48
1bb8d0c39,39
e0b80caf4,90
56f6e9dca,67
a18ae9e89,53
5255b9b6c,26
bfdf112fe,89
7d47fa7ba,67
79c1a3d97,73
c180f1160,80
69040ec2c,48
9e7060f60,77
503c5b1ab,75
dfb5140d1,13
84fc77fbd,50
9fc75b12b,67
ed308c95d,30
71aafc964,53
77b8cd935,70
cb697da69,94
b5253f91a,47
368d86c92,18
c28a33596,73
092be0405,102
cd6748273,72
0e0caa0a2,4
77a43b493,14
b39cc3832,9
0476b626a,102
706bd2088,51
bca8bf0d5,13
b8fbf9eca,42
cea4d818e,73
09adc5faa,20
84b9be4d6,103
4191c5547,49
ec15f805f,71
b57f67883,91
9e99e1332,100
f10187efa,49
815b552f8,50
805f78d97,82
dc9af495b,13
b364e8688,70
e32696dd7,69
662f45b2d,4
12b48d46f,70
b84a40e10,39
9cffa1c67,88
cb3ffeb02,37
960b40f5f,0
c83f746ac,48
d7c938976,100
89f46bec2,103
e0bf00d7a,67
f8326b046,18
ecaaa5ac1,49
918ea59ba,73
3744d58d1,21
842297200,12
3522d5b4e,47
a430b437c,67
137107106,75
4f02105f5,103
1ffdf0d9b,62
5b9059868,59
274009fa1,40
de4b24dec,87
e6609d48b,0
8005ccb52,73
1e71b66ad,58
7c10f4b8b,76
e59f4958d,103
ad62f8d41,53
0aebb315e,77
1c92e2b89,7
b909b96d7,43
81d39b116,100
d5bb1b0c8,16
ba9fa9f30,49
674e50421,50
fbfb8db0b,4
cc98ccc8d,4
38477b2a2,53
0053fa6c4,103
e0f242a92,29
5e2692d15,6
7c3e5c00d,75
e8c49e13f,57
725611911,40
0535ccb68,53
95ca52d65,53
a62dba9de,103
a1ecb0622,66
50ff8f2d0,73
32aa8548d,78
1f0642fd4,85
f1deb3cc1,102
b71543e42,48
c50fdc486,56
2873bf12a,4
a71e2481c,78
b70f99706,36
04721ef43,53
e3beb7e77,7
688223573,57
adb78b73b,48
99f5a507a,67
d4c799460,17
111223138,95
8b423a167,62
dd613b9f2,76
8182d588d,7
d8749b8dc,90
627f0996d,49
ead4c9659,67
e1a0d5f24,17
87827d39e,57
d55497abb,102
787578be9,82
c46f7eba8,18
099a2107d,45
269d88554,25
a0dbd84e8,103
e9a2109c0,53
e3bdad3bb,30
266ae8451,67
9eeefb070,10
666d25d39,103
29fd845c1,28
dcdf04ae1,67
2e211accd,84
3fddc8eeb,37
48e65f113,53
f80c8bbf5,24
6d7ff30b8,52
8b85ecabc,73
79c33f52d,39
25db0cefa,71
526449d16,91
d64daa728,103
c3194a1e8,69
59d5309a8,80
063528d00,36
d007caae7,91
f41acf49a,10
58379dae0,27
9a970ddaf,93
5d3d71c05,14
b46f208b1,83
7f4520e95,80
fd25ed5d2,93
b30719c82,81
5413350ec,76
d123bd691,36
77f19a3b9,19
3537c6c84,68
47ac366b7,39
9e60a5b0b,75
e1e7f8c61,103
377240bbd,73
63de51e03,70
3cc7863f5,51
cffa6d1a4,103
4afd54574,43
c2a78ef27,48
289e5b823,77
ae016f27f,49
5453d7402,4
0b75f1f48,14
7f4a2f594,13
8960bdc5f,82
c67446d52,94
dfd66382a,75
3d3dbb521,0
83c2057bc,39
18b1c8787,10
491331146,48
f2a6cb1f9,97
6a8422b82,61
f0b002c23,47
f3d6a27d5,80
c2c5a8cc9,7
934408cfe,4
eb64f3c3f,94
6bced57ba,4
e46dce22e,37
994b891a6,53
768bf1fe7,39
6c925a18a,89
f0bdd22d9,71
9b608697d,41
e8add9fd5,28
0251a7082,4
8226b3a56,50
67d5e3bf5,17
200cac2fd,47
dc680460e,45
3776f98a8,84
8e2bff6c6,48
826712f91,103
849e05914,103
0905820a2,96
eb478b7cb,73
868f3ca31,52
edf6883b2,44
cb05fa534,77
70f9d13b9,103
38b48be78,50
e8226fb9c,47
fd3fb66f0,103
3f4d7610c,102
22cbf6e58,13
7cc00d3bf,67
362fbf850,67
eab53f47e,69
736b7b278,14
910b97274,3
186a8ff9c,68
fb7d17d79,14
1161f79f4,71
cd88f6d4a,28
fab2df372,90
eda07476f,77
b2d489e27,69
a9c8ee568,67
6c80cfb8c,67
56737d31f,67
7a6ba7fc8,68
0087eeefc,89
04f9e9721,49
61e87e199,30
c68758b00,53
db4859b98,82
56c86b9c0,4
ba635bb61,9
6c8eb5daa,49
dd7ae60d1,55
1b6242f80,24
3714d19b7,64
fda42498c,4
048fe3ca8,75
870b7fc50,49
341b65192,49
983130c4a,73
ff2804289,47
35396fb82,30
6b1551121,101
a534b0f16,86
665bfe8f5,87
1162b2c5f,95
6d61341a8,75
6c1e0dfda,13
abe2e74a6,78
0cb8a264e,4
20a48922b,15
4c8e7b1f5,14
69dcb9a3b,14
999be9923,53
435e0f59b,54
8fcb4c7e3,53
be06b31f4,53
485a5ca01,21
7c9f01509,4
a7fcb3749,52
96112131f,49
39902d722,102
0d9ca96d7,74
26914358f,41
d5198c9f6,61
691ff0015,87
8a904fdea,103
0e8760c38,103
05071bc4f,73
e955870c5,45
05dc093b8,43
a670f0c43,68
03c4126b4,4
19bcd7864,20
45610320d,7
577793268,88
7c856ad41,90
0f25f79f8,67
d35b47e60,0
618ad631e,38
dd33d59f9,13
fee2ad37f,67
bea8158b9,72
416e24d42,13
bc199fa70,79
de847e487,53
53cfc6586,29
5f1a08959,21
463545278,73
6b8989275,103
2a0dc41cd,35
250af268e,103
bed5ebc31,84
266776fdd,53
bcde05c42,5
93efa8927,67
ab6404be4,29
4c1941cfc,53
c624f43f9,41
6a2552916,14
d17ef4e5e,67
17ec6d74f,82
6f0d8372e,82
59f5594d7,13
79ec6e32a,37
467a87b6e,67
c49f75868,102
7e3369c19,48
95eb4c83a,80
d8f1c6f49,72
562b2d688,59
be75d9856,67
49f2b41a5,56
44ad68c26,56
213cea039,76
401b6e0c9,14
645e0448d,68
057cfa1b3,75
4e1eb807f,36
3505d54bf,49
02040055f,83
7e23f7ad1,37
723403f38,35
90b57e4a0,96
0abb8d338,56
1134b4a4b,102
6d789c449,86
92be2245d,6
f84335116,40
bada5fd0d,75
99776d4df,79
8899f1bd1,4
8dc5fdc92,67
523dfab06,103
c96b560a3,47
63bec561a,77
52171b028,73
420e4c39d,95
7ce82e1a4,73
e810fbb6b,93
f35bfd300,45
31dae2136,67
c93ecfaeb,73
9d38f1232,10
3d000dd19,103
083c5dcc2,10
dbe581aa8,8
23ea13205,9
51f6d891d,0
532e6c637,53
9ddb372cd,74
f41d18e37,45
228540138,30
92b24e585,87
c7b1fd88a,23
47499b166,52
6759ac31a,0
ce0668511,53
39f2c9f4a,47
4abe117e7,73
b2d9ede68,86
341538182,12
396d20b5d,71
9a513b251,36
64a27fd4c,72
51ccfb7c4,82
d5766b84a,4
85f3749ca,4
b3c636639,103
73356bf2d,29
15bbc7306,103
408db7399,53
8cd1b6545,24
586868059,78
7c1a6e1f0,72
74837e719,90
e469820b2,73
77f6880d2,22
7db7456c8,8
ff30e8b96,26
1972bae11,90
7eb988267,73
af8f3cceb,73
46290bd98,13
2d54b796a,78
9faca65ce,50
8559d49e6,87
516a450b7,56
60c40b083,49
1eba038ad,80
932aeb630,102
667c3c161,99
1e155978a,103
39dbd326c,45
9e87cc8f0,10
a2d9d460e,43
c12330d34,48
dd9cf65da,0
557900fde,103
0dd7f1f16,30
5bc1ab931,63
46ef787fb,77
4d20e5f0e,29
09780bc52,88
f88f94471,77
e8993867e,49
aaafbe4e9,16
524961d31,4
fbc1f1f89,49
5134a2245,103
5536e05ee,30
3625c81e9,67
abac36cc0,13
56e5b72fb,78
15ec03f5e,102
dbed4d8d3,13
01a3fdd52,87
15409e0d2,0
8c8ffc7cf,89
903bde9b1,49
59372c831,103
c5fdb2459,13
c48f8f050,4
ed0b0e088,39
0bfb74564,80
07f963c50,50
9b9dcd9c2,95
b8c5eeb8b,4
80ab4469a,102
a473f26bc,103
51b1f6a59,95
c9f640a80,4
66574442d,18
875d61521,45
461f4f5b2,59
b7ad587a2,54
91b98c869,69
f9b4d0e4a,12
aeaf5ccbb,77
eac0fd0b9,67
e86e2a592,62
584b3a955,67
285e0bc7e,0
93100914a,4
1f21ecd18,4
fe1669ffd,75
3bfb94587,50
8b7fbfa1a,0
63a4aed70,50
6820bdfb3,67
6463c47d1,53
70d635915,82
8776e1949,49
10c4c8d44,88
715656abf,75
142929b13,102
27c66fcb0,102
f50280136,57
ade6312b1,103
51c386b65,10
29a77c458,53
565242c3b,58
f4feeb150,72
4b4d2a0b9,72
c1c4b2105,48
cc0e98f9c,91
9dfb86d81,48
c2300272e,47
a2e477d6f,102
e555f7ecd,103
d97f377fe,19
d1b0f75fc,18
5e003d916,87
085ed175a,77
3cade7849,14
fb2895935,67
9dcdd11ed,75
0b8824c7a,24
baa0d1cb2,50
98f62f563,69
7bae0ab5e,76
c4081a31e,68
4f49753d3,103
a83db002c,80
1cccba04f,88
2e36d4f93,49
792e61b1e,49
2f230552c,67
a17d53e19,47
8848222b2,83
651d0b2f9,7
2b1fb675f,46
e93da9242,12
d1655f52d,47
2c3a35bfd,67
31f2e5155,86
4e3f96c83,68
42e378280,93
7405dd1d5,28
45c6bef70,73
669487461,103
0ef6541f9,32
db8b6aeda,103
65d1f9b28,69
e3b70ca71,35
edbf64b0b,48
4719dfcaa,75
4adcfb275,53
9c8dc2ba1,34
756c7c9c6,49
2a60639ba,14
6de9b2572,45
57f7948f4,63
061988edc,50
f9eb9c412,103
e8978b192,0
d5e4303b9,7
117122b38,72
de261e169,4
2ee5a9066,13
96e4b2ef0,100
26f14822a,29
e830a4d93,30
22207b7e5,39
98e5cf2d2,42
a8c934e35,4
847402c34,50
bbbc5f9a8,85
76ad6cdd7,5
1b3705cfe,51
4ff518045,67
41ffad9d1,76
63d16d8d7,73
c9d5ec522,75
7d7b3950b,25
64a00a8a1,67
30e522542,0
04cbe7a50,97
72b3fdfe8,67
d9004decd,47
54eb01070,92
ee578c08e,103
b738a5ab0,90
16b341509,10
47c4e4fce,49
4daec49fc,4
f9a14ea8d,91
0dd4bac89,103
1f5a8d8c0,68
0509887de,21
1f65738b8,51
5ccfc8dea,4
da0a25a77,73
b0bde1b03,61
77d850f7e,27
523ec62fa,13
cde20b1b5,4
e1494fbde,33
6802325de,17
8d60b7464,49
2b7cf3253,14
dc826db21,11
1e0d2fb87,59
7077a94ce,60
18ca651a1,74
64144b5a7,80
8e66ce122,62
b1adced44,18
1caf8b7dc,47
111388cb7,71
9403b3f86,68
14d0bc36e,87
7514c8182,49
e3c7bb70c,68
cad6a0d66,53
813ba4348,28
f2702f681,103
0c8b4c597,13
329581d4d,80
d0007cc98,13
8198687fe,16
478fd662e,13
c8e30f4c4,67
48bf5c6c5,67
a31f90373,67
eba77622f,30
64f9d993b,58
35975d1ab,30
ddd367d19,4
d19fb376e,40
08031b106,53
aa9279a0d,103
b983a51bd,103
57ff5b255,0
19e95658b,103
79f507d4d,13
fb6d4648a,21
b6cb0c2b8,75
23a1a3753,45
440128919,68
fb93c4c46,18
216703083,45
5a33a8adb,0
e68f95550,86
2d64f0901,14
30e800167,103
2309219de,87
330ca12c5,94
93b754b97,67
8eed96f65,82
6601f2903,68
4a14dd513,67
e9cf75605,103
89e147dd6,25
e3b0ff721,94
7d540187a,103
d6a1ca6e7,21
0d0202522,68
4e792387e,27
ccf5f3de8,47
5e84a449b,4
74cb419cb,41
7c9adc043,56
3eee745a9,48
ae6ab4563,14
a07779d6c,49
6ee6d6c48,53
cdcb45570,73
92c7c2838,46
3b9e7a8f5,63
8c7950b1e,75
029c37998,22
35c0567f1,0
147c34f21,39
80d468ca4,45
2cb2c881e,14
6d0419afe,26
d9aa13213,50
8d5494b6f,62
d12bd1d03,21
afa3fc6ce,45
a6ade9e09,28
26bfb56fa,53
ca82d5eb3,103
2a69bcce9,4
cc446554a,102
eb09ff6cb,7
f9731b808,67
9b49af313,72
2586669bc,48
8459de1be,87
ef0ffb5dc,14
97947bb82,49
baa4deee5,67
9e3425ede,4
9f392cb03,75
f6d873abc,16
0395f93d8,94
eb86fad74,4
5a3dafc67,25
ddc1eacff,0
85c84a176,60
da98b5bac,47
afbdbbf2b,48
71d39517b,59
ecadeb0a2,86
d9eedd469,48
6c5cbbdf4,40
055ca7ae5,67
e60d19647,79
6e7629a9b,81
79e573478,88
0f33f1ca9,103
4e99c537e,4
a7d9f1cdf,103
f250dd64e,4
972c95932,89
a00b723d8,84
5e0e038e0,73
ad74613c8,83
1e28c6a4e,41
202eabfc4,13
c1c26f4ec,62
1a0d4b775,4
464b3976a,52
d78b3b629,83
059ee98dd,10
68510e311,102
aaf781d34,1
d907ca7c0,13
b043db93b,51
b2982bed5,103
e1b63aee0,29
b3deff050,103
bdbec7ef5,86
9a1e64ece,28
8e70982a4,93
6291210cd,103
2cb6d8130,67
3f6b5757a,48
f86503c22,67
94c8329af,10
c1435ebc0,8
d81c315b3,48
ea072301c,63
bfa9dec26,4
47611c7b0,14
6ecd0b17f,47
2178a407e,72
4bbb6638f,29
9a3a414d4,7
131ea4f52,46
e9471b958,76
50749d154,9
2618facbd,72
96b2a73ec,28
410d24f09,79
084527620,76
f6f3f541d,91
aeb2bab6c,87
541c4d41e,73
d0bd30dd2,82
d9268cb57,37
d97675b32,0
b1041fc0d,71
24cc36b04,96
e752f8dfa,67
afc49f312,46
da0416b3b,13
e7791dc5d,22
8a6ff36a7,25
377b22380,96
31fd82f08,103
88226300c,98
cd20c00da,64
b1391f097,77
87a37b4cd,47
1101a003d,29
ece8721cd,53
ea915b13b,52
9bf7190d6,8
28f52a866,29
9eea9316b,67
6115fb1ac,88
6387659fd,45
bda7820cb,49
0119427db,17
057d2b6d4,58
4e3b3b3cd,75
9304e605c,13
00856dfa9,82
f0efb6c04,73
0bc95b595,4
36568fe64,81
d0570b30f,82
9d13c547a,49
40752b008,103
400b2bbda,41
8d195e4db,73
789e8506b,76
caa1dd6ea,50
1f937e111,96
3856fdbd7,68
ad9aa2ae2,88
4e9ed92fe,77
75b41a741,4
ca0113f84,1
c5d9914cb,9
8d5b79bb4,29
2a69fa3a2,42
6c3ecb861,14
123a13515,67
cb59a4824,67
b507ebc7c,88
c701bae84,75
2a017a2ec,73
2a8131dc4,18
bb1e822e8,47
07d138d01,77
41af5743a,64
6fe85feee,53
075602d66,13
666f4d363,48
aead648e4,68
350182af5,97
29c460e2b,45
8b293a45c,82
1226ffc63,94
78b988645,43
8a5353b56,67
2c670a497,67
4a5172bd5,26
2ca0a45cd,26
c245c24bd,59
db09a299b,53
de882d4e8,4
2841a62a6,57
7eaff7aff,102
3dd4e386e,28
5cc793cd8,71
577136af2,46
d9d483387,0
e958b63e2,65
465fca558,87
48fb56f39,49
5a5fbb94d,48
2dc55fb57,68
4f7f265b5,95
35b896087,67
81bb11926,11
c27d7bff9,102
d2ce72fe0,71
3b7f6b220,103
e8636b839,49
d5c5cde4d,93
11300f71f,49
0bf251179,102
40bf06f20,4
5b313549c,88
e26d85d35,67
4afa6c98e,82
67b0d01ea,49
8e07cbf1b,78
42f1496d8,4
41f7c2604,61
3919d8ac5,56
c652a7499,53
d36d163c8,102
656ea8ca7,53
d81994ed2,79
a155b0167,51
a2e59aee8,14
e43b134a9,59
824eae734,70
167bb4270,28
eda20ddee,14
336577848,103
caa580f63,93
d2e37916f,4
991b607de,80
79272fffe,74
5bf457360,61
0faa6c65f,97
42d890962,35
ade9181a5,26
68e87d794,77
e53134336,67
f68529efb,4
e8a1d04f0,103
39c5bb98a,82
49ebce8a6,71
ed91bd814,48
8e75c9098,90
34a95a94a,102
1f42a9439,74
f5207be25,67
79c44e828,103
141fe61d6,9
6e644aad3,49
54493a1bd,49
5febcda99,28
6016dd857,67
18d41400e,13
a13259e0d,46
53cc94634,42
790eb61fb,67
05e218a53,94
cc3b595bc,70
a6732ac2e,77
3b518d13b,82
37997c432,49
edecaff0a,67
24bc6b404,103
aff590876,47
297d94118,30
e9e0698f5,4
b0c7165ba,95
7725cb554,23
4a5d43a96,9
9b28c9ce7,74
ce3c158fa,74
60a51b6b7,49
c7dad9e04,48
ae6e725ee,79
88f6fd6e4,51
a3535e355,53
fbceab432,10
0d7c08885,67
57a59f1ae,4
4500b8a44,75
a6672b875,29
5cc2f95e9,90
681e2b154,93
02378eeef,50
d23336d37,79
d15a4d94c,49
e69a97f86,47
a68286bc6,48
e203d6713,4
431a635c0,62
bff69770d,73
4ea0a3352,4
4d9a5c0d6,50
bf54b2c66,0
debf90490,4
b034c82ce,80
7ae85e90f,88
18ed42876,71
f4672d1aa,80
54419838d,53
477aa8655,68
0cd2a25e5,76
00f9d0e97,29
2cf137648,67
ec53f72bb,33
8e8259669,103
f8db20c1f,73
07f85cd68,71
fbfd9cd87,78
21a0ef857,24
54620ca30,53
f6ec8db9e,103
55f00c851,90
dbb2bf69b,30
40daf3243,14
75a50917b,48
85f57ce0b,4
e9a190503,12
02055dd80,67
abaee2413,78
cdb8be610,4
6cf4b47c1,76
b0f5e118c,47
3239f2f66,93
5285b9c84,0
f56f35811,49
8482cd4e5,73
9b8caede3,51
014bc73f0,29
bf6653e3f,67
8261e8f5b,67
345b6fc68,70
0e62ddf15,4
b8f76869d,95
f552eaaed,83
7f9351c2d,49
06291a920,75
a8f945820,53
5f274a6ad,103
7b89cf590,4
7c8c55147,102
9aea1d3b4,13
56317c242,35
68596af51,47
0bb9c3f30,96
3beb40bce,7
a7df3f054,53
4ea1d0d52,53
d98cbb36f,95
39e2183ff,67
358e5478e,4
e6135dd8f,27
0b9afbdf2,14
3f315b0cc,103
bd2e8c9b0,103
2f90dff16,43
500c6294c,67
71ee25b79,48
683ad13b4,68
b78e121dc,14
10101e982,67
8e681fe39,28
24ef54ca8,13
3db5a2d90,48
a78af18b7,67
4b8a4a3da,14
b2b7e722d,103
132144011,7
52eae9528,95
e0f2a0864,103
1f38d6778,94
3076e7608,7
8e6591362,22
704dfd7e8,86
9f80990ad,103
55dff9997,79
f2f66f2c0,73
08263abdb,94
b0d928a20,103
5464a7e4b,73
6db87048e,25
ad82b1ba6,8
d77fa0d2f,8
317c8b0f1,4
a7855a3e3,103
710ee21be,67
132212f11,75
581ead9fe,72
f458034d1,50
bf3116d78,75
4217c1328,89
ac869f858,47
664bad216,4
d75974136,73
eb7854187,47
b319ff6ce,98
b106e1623,90
ab905cacc,14
7efb877f1,103
6025abd59,95
9bb756baf,103
3fbe83f91,53
9b7918a64,94
486ddc6d6,75
f33705a47,4
0fdf5073b,103
e80ddeb7a,39
f0e0f2a32,101
960cb8c40,103
1d145016f,0
64f0cfc26,64
67dbffd24,45
adadd8f7c,80
532eacbec,95
6144fcc9c,96
9b2c62063,9
9824cd034,48
f1e71c574,103
9e4e812df,5
b840c68bc,67
68b83ad56,56
441c13b73,73
8fe3eca19,103
1ef426390,4
fe75697b0,4
738af3f29,67
5c6e09f5b,13
72337a91e,50
98dba17d5,10
857a39495,103
8361401fa,45
c6492c817,67
c2d849108,82
26a12de02,46
2acaabdf6,4
8d3aa53aa,8
b382faa85,42
9924275c7,49
7163520df,83
85b7e1897,103
250f30059,103
f553000bb,88
1a6e886f2,102
aab7f897d,75
a8a7882c3,102
c3bab1104,0
e41a75354,16
cebf5375e,74
e7870e8a8,13
730cbd08f,95
fa19200be,34
8515fa3ea,43
2eb1d2313,41
a0e86b0b1,21
82c248395,47
2b403205a,48
251a8d95d,53
cf787b891,29
481c58d57,68
0a159c5f5,56
53a05f5ad,4
d34ac237a,50
5e802f360,83
3b66bda54,91
d185711fc,49
c3af619d3,0
49f972c08,0
aedab5dc5,74
e8a6ceac5,4
62822763a,8
439c8664a,86
c67210c70,4
0cfca4a37,46
24032b382,90
45162353e,75
0435e3c70,13
ada310267,13
252d840db,67
70d37d23f,80
8f4a554f2,68
1b4a28bcb,48
f969c00cd,29
630ddb37f,75
af7eab8ce,64
4028851f0,100
8d8f3ee47,56
c3432750a,4
07718a208,73
4ae7d6827,101
dc77fccc8,7
e774787e4,57
f8aff0cd2,55
ec80c1413,67
e8bf3b5ec,10
62d2aaf89,72
4698789b6,49
bea291a1b,27
ea7342d9a,86
6273f48ef,14
6575f6563,74
6899ceaca,35
7af25ae57,102
74b98cfd0,68
7ff8d6f85,48
e8612373e,75
bfe43d44a,12
8daf31854,45
6f25bec48,43
3a9ac1cd1,49
473db5fc1,102
be007fe7e,78
5d3f635c6,73
1b4b7b0aa,103
330cc9d05,24
a8740586a,4
7cb805a4b,102
6e74639ff,4
ad2e27bb5,9
5f813832d,4
012e26395,50
dd7f0f72d,86
900f1f50a,87
2b5f79660,67
143b75258,21
cffa0410e,53
6821046ee,103
6fcd677ac,13
80ec46d31,49
23e50dcaf,24
1c39926e6,103
afa405f0a,53
0b25964e1,4
b70a1ef51,66
537f3aa34,86
35eb134af,49
f347c4666,72
6abab3d7d,45
6a3e093a7,103
36a261537,9
9ebc88cdc,4
4575d8130,103
5ba637a6f,73
db95e1a99,48
5c38776b4,103
92d447000,49
45bd6ecd8,101
c67858398,14
b91ced576,73
537f040bd,4
64c056f47,103
32d710e55,78
f9f196acc,34
6e7b662f3,102
37aab2807,4
5681077fa,49
0d4b7df42,71
d4a2a2f29,76
d5320553f,68
a016dd653,49
beb9f80e6,103
b1ab363dd,103
29026b0a6,98
5e6e5030a,56
a97f64861,16
8d9185540,102
64088707b,30
2c7a32907,35
9c73592f0,67
d375ebc76,49
6db9ae896,67
fcac5a7e5,20
4415b68f2,80
3569ab6df,41
bee47a94b,67
6c51e020f,47
9360afb8b,24
6a273ddf9,68
20b97d483,0
d7b1f9c1f,67
eb92d9778,17
05d03cdb2,4
1513105d2,68
9b1d44428,68
3d4a5ad3e,79
fd53118ce,77
2afecec3c,46
bbe2e7c64,51
e6f327757,50
bb5a3fd92,7
a19239dbe,75
c1f7fad28,53
0be81ab06,72
6e08cae12,67
c37a6f3e9,83
f6e02f90d,34
b3cf1a86f,90
89bce4769,29
b51c9863e,43
260517e44,71
e925b2ba5,67
0186b465f,48
cb8786391,4
fab4eca91,95
945155e8b,13
58ff9dbee,67
bfda38c44,48
5d4811c9b,67
ef9f75d12,75
1153cf999,103
72d1bf434,34
7dc69b4eb,30
94693762f,67
9e9f2f914,4
f0f03b04d,102
8e07336d7,47
9e7925f1b,49
a8331323f,27
f83f81e9c,72
1d73dffbc,67
141ee85b9,10
35b87f500,81
597beba89,10
fc8af9bd9,85
36c344ab5,102
1f8e21c54,49
16e7f18d3,79
a673ada99,53
563c9008d,50
74c86dc94,88
618ded9bc,99
8735b4ed7,49
f09cc7902,1
656a556b0,80
42b92a427,63
d34eabf31,67
6b57e5a58,103
c54d38d9e,94
ddfb8f27b,34
1706c5144,14
0a825b67a,49
7c30e1a81,48
c8aa236c5,49
f2d476916,45
fc354c0c0,77
caa9982e3,69
b811b25c9,73
52c27c7e0,96
7d825a631,87
2b91acd3b,87
e611ad6ae,4
629160ccc,67
3c5103dc0,103
01597bbec,48
44c94e8b0,67
7d33fa1f7,67
dfc4c6de0,72
cda807af3,4
7e53bd3db,45
bcd68e6b2,31
5aeca7ba2,72
b1f3717dc,86
6cbca5559,42
a23d903c3,103
6bc102ec4,75
be7a473f4,45
8afd1d330,47
37771fa98,67
cfebc1eb9,47
136b3c7b2,57
370c2501b,47
007d156b7,17
39df767ca,86
7263dccaf,13
a9a93e3a0,9
0510cce3f,103
881336587,5
4fe7886e1,50
d0989eec5,4
651a0b6cf,103
ce136eb7d,0
5ab25460a,14
fea37b294,13
aa32d1bac,32
a794b05cd,103
b448720a0,49
10f4c026f,65
ce1019f58,53
039b15a83,13
e72d6bcc9,67
e45a81eb4,4
e9c5f7cd1,48
d4f750507,74
2858fae7c,72
367f0d3ab,79
6034d93d9,16
00a7a6244,73
5376bd006,3
431dab6d7,94
48b37a43a,67
694b396d4,0
6dc57d8b3,90
69ed9d7a3,68
500c28291,62
75dbc2c81,69
07803a6a2,62
94a7c5ed2,24
4b648670f,103
459adb9c4,72
a22110e6d,49
8816f311a,91
d60582d88,90
0b2640e87,102
a80f444a2,39
0120d37e5,75
f88592f94,48
bcd277266,75
57d9b8302,4
f7ec97ce1,93
5a330e7b3,86
fb85ca687,67
7f01686f7,73
3469925a7,0
41230fe49,49
9704969a7,4
707178bf0,86
a195eb3f5,67
4f6762363,0
459d3299b,4
2406dc526,81
054de124f,48
9dbd813fd,0
3bd1136ef,54
bbce1172c,67
d98e07837,72
4e6d9fad8,43
d90f33907,87
4dfdf7a8c,98
b8a90ad87,62
8e90cbc5e,91
f986f94f0,36
6da191d02,53
a6dbbc248,64
e267693a6,102
caf89a8f1,58
34c4cf37e,35
6a3ce1e4f,4
392443fe6,12
121fbeff6,81
011d32580,7
3c22e0a0e,4
0c705e746,71
57a2e8995,73
b0e07a930,19
0497c3265,39
bf679c82f,9
cc256396d,50
0713eb9a5,53
6521bc49e,67
15442a507,5
9d65f5961,71
b796fe951,49
04da4955d,75
31dec703e,41
658b73453,49
fe80ea2ff,29
7864cabe3,4
6a414bfdc,65
f42d2d722,47
6afc9ee54,16
2cccd8e5e,46
941dde56a,87
fc836e711,4
645e6c963,64
10c568a02,89
a334e573b,101
13d3c108e,77
3ef916a55,68
68cd38577,74
21b24a7fd,12
15a4485d5,48
6eefb96f0,40
adacbebc1,90
bf7b19901,7
ba757db32,73
2b313ee7c,102
6aae558ae,80
1f00c0495,68
cf1fb187a,8
6bfc6b8f6,71
2ce2f09d3,4
cab155898,46
d1cfb6a0d,28
8d2997526,80
4383d6782,68
220b46a44,103
385bb724a,102
5e5672257,29
37bd7591f,67
256e89fc6,85
cbbe148a1,93
d08d707db,48
dc5ba9ff5,47
1fb45cb2b,93
f0da19dfd,79
99b3a15e5,49
1b0a08a16,77
1d88115ad,103
88728f169,92
0f58c281a,46
8cf5bf4df,77
7cc60fb22,13
e24d7d290,73
c25b13b1d,103
5dcad39ff,102
a63f52d9e,48
b2662c86e,94
0124e277f,52
f314ed416,103
75d255458,95
988f93442,29
0d48d68af,30
e95556293,85
1d1b18d38,69
8d4ecada4,79
4df899e46,52
fac9307e4,77
fe824e9b2,53
3b8fc5371,72
9a8d29f7b,73
6b47e8357,42
6485978a5,53
33fd32684,49
c3f6cd0e0,28
0d989f57f,72
a91426ca4,7
514b8d03b,80
bd6862590,47
18c7b92b8,41
393b7dc05,48
b108950de,47
13166036e,49
4f1f1670a,53
a7d70c4de,8
28fa2b3c8,73
4787424e6,5
696a13525,53
ba9e33af2,83
8d9213283,72
a29efa0f2,53
30df475fe,103
9a6e4aacd,97
92debc194,86
990ca8dc7,103
127e61a47,49
cef09a713,0
d1b715fc8,103
3a9b30bf8,56
4a03138df,49
a9a1e0332,49
a7af85579,62
b390e248d,93
7949b71c3,67
bd4f8c863,68
eec3f5ce2,53
6d48de3df,49
a73efac60,81
1ef078208,13
c3c4ea291,27
94bd779c3,62
9be084d41,21
b3411ee1d,49
ecd73311b,4
9294f2050,7
6ea2b0e7d,67
bbc846996,15
98fae1d61,52
44a477145,53
f99cc22d6,4
c3565844a,102
bdb951b2e,49
4c4caa583,103
56bb538b2,1
61ef56738,71
2ea467d26,73
0b982469b,53
a7c42fdb2,49
e95f725f6,67
4cf56a9f2,68
58a01b39d,7
f1516a306,67
139b1d751,53
5b1353d71,68
2ec187152,16
1fa6772be,103
c1e39ffe4,4
9d96a6d82,53
18ce23111,67
d0a654445,87
71d454f1c,103
6ec67346d,89
dda771b4a,49
5a5e8deec,77
924218498,53
2ddbb0f83,80
fbc29acc1,4
55a2149cb,47
d83b8cc1f,96
2e4395110,75
49f7cdb45,53
8c39d1b41,33
30802b47e,102
437e2a9cf,73
a6bda1044,32
654504abb,67
509741eb1,67
f2a97a3bf,67
28ee705b7,74
78c02c2f5,49
bbf51ba25,49
27455ebf9,2
b3cc561cf,48
57f693d04,48
546ea2a87,67
1f342e690,75
48d8779bd,94
2a5e80a12,63
358530103,67
dac6805a7,93
805888e57,78
9980474e3,49
73ff3946d,73
a1c8de469,73
270665eaa,67
960fe3fd2,48
50b7b51b8,88
548fe4d32,80
2bddd2904,73
24ca41300,5
c1390c263,53
3599e2fbf,85
c7cd71880,77
6e0843d38,13
3962a6493,48
c72964068,48
804f7c7a6,48
dd88fcaa1,53
50fe6ebcd,67
fb3530a46,76
117aabfd8,29
346182497,49
c11e44cde,16
db0c2006b,28
9351e7281,56
7d58bbc35,73
f2defaf74,48
8eb64dc4d,96
bdccd8d94,53
5e287a0e3,103
51493dac7,13
e4f8cae75,82
90bb2bf7c,81
63e2e3e4f,103
55c59324a,4
f337de2b3,94
a77db045e,2
84fc267ba,54
ff6213278,11
9942a5424,67
3052916cc,95
4bb5dba59,0
ee2fd195b,75
98cb45c72,95
fd3bba010,62
96b039170,21
a564e4f51,29
0021f0d33,53
74c97189e,102
5db83d658,103
4194b2615,16
2d10d39ba,67
f78eecf21,103
6c269a2b9,67
a69c80256,48
2e7d74e55,24
fe6da2049,29
a6db0754e,13
4565dbe4c,57
564a0856d,5
38f3a40a5,103
2939aa5df,40
4c613566a,93
599713c6f,91
6581fb5fb,51
0f340c3cf,79
4863d1e67,85
8303a6784,102
80b87cc06,49
cdf877752,53
3288217e1,42
f16b7e08b,9
909ea73fd,95
d0f992c31,45
776074cae,52
fd88bb2c5,78
8fbcbbcb5,91
0bd70c4ae,94
ff2ebb52f,61
d7a64d386,67
352d983b1,5
887cceb1f,14
3d0556ab9,8
2b1ceb24c,81
8257df18f,53
018353f1c,49
947bca713,28
532c117fc,87
c8cacb55a,42
0b3c9e1a9,14
fef9f8524,78
c080ec831,45
c1573a6be,15
b6fbcbacb,13
d5d2c10fb,55
b94381f7b,75
d970c4ffc,24
033c8773d,72
155727e57,73
c2b3daa2a,25
ff37e4d13,5
25b7cecbe,68
b80ea5db7,47
bfd66b238,43
0ea98df12,49
4dfa64964,70
67ec88f39,76
ac73af09f,1
b339d0a61,103
8f9a206cd,94
2690d9568,46
16810b3aa,16
88d3afe93,53
563f7b16f,0
d779dbe77,47
d852da76f,102
f3c989c3c,26
3fd719b67,12
41eb38ad4,59
1446df348,18
168f633fc,67
fc7c304b6,9
fb56bcd7d,73
973172c57,102
07184caac,102
ca050faf8,12
d6cd39e5b,13
4250ed062,25
410639882,85
3dd834459,67
764a3885f,74
82c3b7f7b,10
32bd3826f,56
e8e62aa32,69
171d91683,68
3cb2f9e9c,82
28b08d407,49
5ff71b40e,13
5752ad3e2,40
36c544e98,4
40ebc99bd,4
28462ed13,14
a5566ef23,53
2c69b633a,49
e1177c121,53
03a46c116,53
75bb87271,95
1bf635fcd,103
6326ba8d9,72
25004084c,67
bcd08a7dc,85
7afc693b8,98
6cc34f6c3,46
a3119fa46,73
558548e53,67
31e5dda95,4
c127de43c,4
d376c4365,55
b7af85f6e,103
0a5f90dd1,47
62728ae3b,73
33a504d5d,87
f985ee0da,53
f58f83775,39
0dbbde2b4,75
3816dac91,73
a2d7f197c,103
9a3f6c785,74
043666ac5,49
902b5770f,103
ad60c3571,50
7f5479556,51
7be31a9a0,0
9067fb1fe,35
0a90e5cb9,92
a5d301249,74
376134aea,49
840f3bd46,74
8ec1ab770,103
878bf09bf,103
cd29fcb6b,82
60d83cd0c,29
1932af102,53
f69a85264,62
871699e5b,49
5cdbf8228,88
cdfa5a4b8,13
9dfcbdf18,49
2a0a2ea23,103
c298d16b3,73
5c54f01e3,80
875510d5c,67
1ba32dd82,46
72b388c16,48
0ac5ebf0e,52
f557afe91,80
c0b653e38,48
2eaf291d2,14
a5a71637f,68
1fa3035ed,79
8b23979a5,63
8693ef6b1,5
195bacee1,4
9a4b0da88,68
1344e985d,41
69af53dca,46
06ad3fc5c,5
33b3a9955,4
dc2cac36b,29
9cb5c3012,67
30e82e694,29
99d0b77f9,93
1adf45393,103
14ffc1505,40
a08ff3c7d,39
024ecc6fb,77
187ba6ef0,103
94e8795c1,47
20b4cff1d,87
78d30851d,72
6429d59a3,16
8ab8cb727,12
c18fddc3d,68
a05c1a9e2,93
d01f39daf,0
4ec8b55c7,64
2b9959134,83
ce824d546,76
05b14593a,48
b651d313e,96
6285f24d7,75
e34772216,48
e758b0185,13
3dba87b2f,102
2d6826d81,67
1691d45e6,59
d503d72f3,10
e5540e0f5,48
04bc5ff61,67
0dda08338,4
8d0b21b05,91
38fdf8c81,80
e8d193a43,87
2c2579451,12
f73a6bda6,83
4fd5cd91f,22
d7c723881,67
ac28e9c47,76
8f76524a3,96
2ce1e0b6a,30
3dff55658,81
268c2e415,82
9ff246fe6,73
10dee0305,5
7b6429c7f,59
c0825b4f8,74
161acbde6,4
3232d6f56,13
ae8e3af92,29
709d4aaac,89
4dde25dfa,7
0551c57d5,53
c1c9a86db,10
702cf1671,80
99617ebe0,23
e079e7ca5,9
fb9a6a9b5,67
9cd8464ef,73
97dfe0bfb,67
8f029f975,18
fca2f698a,18
226ff375e,68
9950111eb,67
36d0c85f4,47
a810efddc,58
4c742de40,67
0c295f0fe,18
7eb7812ba,4
1770a3955,39
5e35708ec,73
4aea86d3c,27
b24b4ecc1,96
d7a9e0691,53
2a40c5664,91
721e72651,50
ebb1d9137,102
dde25205a,71
2bd2ebfa9,4
29bfe409f,51
0ce2742b7,46
e27e698bf,4
217fbb923,96
8fc8f357e,10
4dc902039,103
4bf7df629,14
a6c8a28d6,67
54a9c9512,14
5a5cc97ec,19
50f97c747,68
1d3399cbf,98
35bb514f0,60
2c8b6d457,93
ffccd38bb,71
5f8f53f23,48
8c102e395,81
f38c7346b,86
7abf68943,67
677dcf9b6,67
9989acdc6,103
69c63b4fd,18
37e16acde,75
f3c3215ff,52
06d517e80,82
54a1667e9,21
303979023,73
91212615a,39
8dbbf9d19,47
05a947c38,50
405a7d77a,53
c964a7aa9,49
dafe76eea,93
04ec1f692,67
22cecb30b,4
42f3a0c03,13
5b0a35493,10
bd4976820,4
1c4ad0e13,0
eea95e8a8,103
59265d2fa,4
6bcdb2495,81
081ee9650,102
2688f98e3,12
8361e9b86,91
c515db368,48
e7d7fec7d,59
d6a792c0d,40
a81b149d6,49
82f95de55,67
6df282095,0
e2987599c,12
29a02c757,63
fe7857419,49
b10193db4,44
6a0b33f79,95
eaddf667a,54
d59fc6634,91
e8475ad43,103
49f2ca2d6,13
404661213,46
3bf2347ab,77
343f4db58,67
6e3716497,30
698676b2c,29
2c302c916,35
86f5cdedd,103
b2b4ffcd2,72
e94327a54,95
8c434769b,0
4232febfa,102
62a682a26,17
7b506b5bd,31
0a4ddf5c2,72
3b89f294f,54
a20b7d9fa,68
64327e651,46
a7756b411,53
dd20b2594,62
6abf7f144,67
af6ccfeca,91
df01d58ca,87
9ed2586ca,4
816ea6eb9,53
706729fd6,82
58c90fc33,62
0befbdd9e,94
3accec78a,102
fd7cd952e,69
d8909ecab,17
2fc266682,78
0cea1df9c,81
78c58095d,4
6fcfa47b3,4
d91b12e12,94
fb8d27d87,80
5359b52dc,14
280b71230,49
abc1d37b6,82
bbd3eba7d,103
d86ebd20a,4
067c659b5,103
30e68f7e7,71
68e8b6b9a,102
f6e9739ff,78
2a158f54c,68
a3355967c,48
35e005ed6,4
3b7c11d3e,103
9944acf36,68
c9c069119,95
4e7bdb1cb,95
cb297624d,91
794b67c42,93
79686d60a,47
37090107a,45
6d711f23b,68
1c8c53577,0
5d0b6dc90,49
ddb556ab6,88
46f943627,103
ac3ed3cb8,67
2a5df761d,76
440daa96f,54
c01254e45,87
2b5d0e5c2,72
46d095eda,47
0501292e5,12
1e8c44cbe,28
495e8216f,29
cd3c07f1e,53
6c2ce6d90,48
a4f827652,13
9b40a0513,47
8a223576f,67
37885d3c0,13
501396f2e,62
c06c7ca88,46
d9af9a571,48
4fd1724de,73
e181cdda9,53
805d8722f,80
13330e605,55
20cbfadeb,49
cf3bba4c2,101
175e8c4fa,43
997575057,47
8260f8641,87
dc4a5c985,53
acd745458,73
9b9381ad6,42
1b0d7769d,79
ea602cdc8,14
07b2fe99c,53
dfb75caba,7
dd331079f,68
a20b98b33,53
33ee9899d,67
31a00d007,28
600da56b9,12
7723a9059,73
15c1eb33a,45
814e0e21e,10
44d707daf,14
db2bf0488,67
577a972a4,24
eeeb6b66a,45
f00ba69b7,28
94b493650,62
9a1c7e11a,53
a497a8c2c,73
0d69ec15a,65
4374d5272,77
0d558f91e,67
85d30d942,51
c359190d8,56
bd401fd21,103
9a1d5df73,103
2cfc6468e,73
30e9b5b6a,86
08516fa85,50
e665e264d,4
124b3526c,8
df8c1c48b,56
656f4c5dd,77
724560f8b,48
0394a004e,75
8c0e403af,103
5bddd9a50,67
9fe3b171a,61
7d2cabb96,0
470697d01,49
ea0b66dd1,60
c615baaa2,92
fd2bd5f1e,103
708c1099c,51
603490d95,66
02d70ed11,7
8b7a73f76,53
23c567b03,93
2d9284433,49
19248ab83,72
997262689,48
bb4688502,62
ae9a70845,83
285ff0263,48
547815be0,45
7ca677dde,67
0d3269c35,4
edc3e9332,96
aeefaa66b,97
7244c8b3b,43
14057210c,49
dd102e397,103
d85ac7942,14
d814f470b,46
8128b8af9,48
34c97f64c,2
501117624,48
eb0f37d39,83
7d107974a,50
93e1b1b57,73
d56f1eaf5,38
e9483b3b2,73
ab1d26187,21
a29695033,48
5ee6cb24d,30
cd35b6b36,68
7859791b2,88
bea75c9d9,32
2b9d54083,36
392d70bc1,14
5bcf739c3,5
dd103a297,14
a567d4a59,67
4dfea8574,0
76c56dda7,51
c779948c7,93
d483748e6,71
3f5c2bb22,16
f60ba81cc,85
875858dad,4
278e2fa12,16
707760045,37
c55a2af2f,4
055988ad2,14
1a40b279c,4
a51abdf4f,9
da83fb069,75
004b88e09,95
007455d6a,11
c6c801e09,67
ca256fab6,0
cfe74bfdf,68
083ee0c99,5
dcf4672c6,67
87c39a44d,74
95d50723d,28
b545ede10,74
f638bd582,67
49b354ce4,13
c2d8b52f0,13
b2004fc1c,103
bcad89a07,13
aedb03983,82
f3a8be142,35
b52c3c500,103
c16bd5262,73
7e4a5d836,82
08a1c14db,40
f2d9b993d,90
baf87d0e3,63
d35565c6c,4
07e4f36cd,94
9dfd91c6f,67
96df0c6bc,73
6ebdc31d7,70
8af7864d3,95
06006e0c9,47
a3d606459,49
4198fad68,55
5bdd76ad6,93
711216a77,94
40ff0c11f,67
5e7372874,97
a8ba067d1,77
9e4dee17e,14
7f5d5cb8f,49
77a6613b2,77
8d4368f5c,68
7012b4533,91
42090e3bb,72
0f0ccd222,95
d5cd9674d,70
fd33eec2e,80
7b3780a82,10
f0e6a679a,4
69ca9a78b,13
80e758118,56
392019a2c,4
fb094c9bc,81
9d3360932,49
9d4d22004,68
170517f38,0
fc601ec84,86
c22e3bf9f,32
1749a6a95,5
1fda84008,71
7165bc7ad,19
d93bfff1d,67
e33d3b318,36
1157fe26d,72
7a0cfe114,49
f3ee3f7ef,95
958e9761b,48
a3160e2c1,73
90bd4a9cf,67
616bbeb90,14
ba9e2d304,52
0556575d8,29
087a71f75,45
8a66bd5fb,49
0993a96fb,45
a0925df64,30
6cc8bfcf1,8
99536c670,56
94c53b0c3,43
0d27bbb79,46
d8d27a914,4
a16eb5fa0,103
34d736b06,4
48b580700,67
cc99ce5cc,68
5edeca301,74
1fe3921d9,103
73acd2065,18
892426d11,30
801d0d3c3,75
5153e1522,13
505515f6b,102
a030b3e71,103
b909de36d,77
4de97f685,59
1548838d2,48
30ecc23d5,48
5c88d781e,68
be3a7698e,103
624d36ae0,52
ed55919e7,88
fb223c3be,73
154f5a75b,75
ee2886544,53
88621ac35,83
b25c080d9,102
ca9c4b1e1,4
033f56581,21
6aa485643,103
d702d0c15,41
6eb8b8e84,13
4d14ae692,48
0dac4246a,81
2313d0e1c,45
ca3dd51e6,48
b45121ff1,48
afd01aca5,43
0c4cc8319,13
34589c202,103
2f9bf2b8a,84
7d7a8baeb,25
8d4598be0,48
0d7eab0ce,40
a8428cf05,73
c36c6ab5a,67
9d8d9607d,53
ea72034f5,53
d062630fd,11
232ad11f4,80
aef983095,4
da9ed562f,103
5a00bf031,29
6ab2a7198,80
c38903943,73
4ffc57a98,71
68a81ce4f,18
7e58b251b,8
6cf44ae8e,88
bfcb81efc,10
a853842c0,57
f94013d99,80
4434ef42e,73
43ac410fd,75
374c54182,41
e00aa2535,0
1f2621b4c,102
8e298b272,73
0d0b4631c,73
25691eb59,28
f424ad351,103
c90a12d27,7
ca19d9909,73
49601a7ba,87
03333ea62,46
38235ae21,49
ee40fc4e5,75
143e26686,6
bc4b01a52,97
ddbf2eac2,90
3ff1824db,49
c354e0d67,42
6d7138997,0
20aea9077,79
01337a0cf,77
fbc9ef0f9,62
7bba13923,75
700fe6ff1,103
c71b3e27d,103
dd33bfef9,72
44fc90316,14
80d50c469,103
41a1ca700,79
5817b58d8,62
4884ed7c2,52
07b1b8c87,31
6b4fd7e01,102
f8bffd3d7,102
ac1af6f95,53
ce934c0dc,90
2b08a162a,102
b731c25d6,57
03c9840a9,30
e60d33c82,67
0fd1b5059,67
869035e2d,68
321437b6c,103
d445b47b7,78
5940f63c4,13
058cebd78,49
a7f5360e0,4
c762253a3,49
7d0e16879,4
4cf1de29a,74
a8e6d30e2,4
51d6b9846,102
7046567c4,77
aaa8e6d3d,70
e9294bac5,11
374452b3b,8
adacc3a94,39
cdedc9d47,72
6233d3e01,76
65ad21fda,4
627e5cd5a,19
4bfdc5664,103
eeb419776,102
86afbe278,49
dc370d0dd,99
e2ef28251,67
c54530ff1,48
e4ba02634,0
700cfcbd2,69
0313e231a,47
5f4162c42,56
7b1e459ef,76
679f0dac7,47
519f5b078,75
9dec6e6da,84
a11b09e07,0
a98070f17,49
18ad828b7,69
57abd6d16,56
92da88798,73
b4aa13520,12
26844c8f3,77
464ee7908,67
05a32258d,74
7ba1904a2,75
0b5c8e646,103
109a722a1,49
bba2d82cc,38
e722a8f86,28
026d342fe,93
8a89d3315,21
6f12632ac,9
54f09b0b4,13
5ff57970a,13
8304d7230,49
4e8b618c7,48
a425fc6a7,48
c3ecbced7,75
4078e0b39,102
25a24e8b6,61
92782ef45,102
3b3341edb,22
0e5ddc603,75
978697ad4,103
f3e1244ca,46
e82201f68,53
7273b1c6e,67
3758eaf1d,21
30da0fe81,11
74973ce69,7
dbe5bf31d,77
f2586d647,75
1c30e72d1,73
9d7b004b2,78
1c88f1550,67
7a26fec2c,18
2557c29c7,68
3f3280fd7,67
56a71117b,78
1b4beb2ee,77
9679190dd,70
53d90c2cf,72
c80ef2e31,80
ac0930c4d,75
eb71bcdf2,14
27753debd,4
7beeb67c3,47
73654808f,43
dd754aab9,18
cd4179139,4
9dfc925a1,80
8fdb0b741,50
2bf04d18b,10
45ad763cc,1
a4d628083,50
2476c4270,9
d7388a066,68
11b0ea314,12
6ebd051c0,5
1cb630a6e,77
da6606b4f,49
ebc1583ce,47
06f00d362,50
5b8f09d2d,14
dbff359cb,75
16c791a6f,102
a86983a99,95
f157a3c6b,49
87de4333d,53
be9d52ef0,82
ef6a25c92,13
ebf692344,4
f7fe0d522,14
465f2ddcf,103
eda9f61b8,103
b145fd2da,38
994db92ae,25
5b89103cf,73
6b132a6ca,48
ef761a150,71
ec33a58aa,47
63eb884ce,54
c4c67ba42,96
43428f900,80
26b8d61ab,12
350c32674,60
5eb156e33,103
c09ec978c,103
abfe5bd86,99
8c6fd0ec8,102
03091fb7a,49
a599e44b9,14
9244f8d54,39
e44ef0f10,49
f23084f4b,76
d57064ac3,97
22b20a20f,7
52178db26,94
e5f6dbca4,48
cf1ad8706,27
c8d684975,29
7e5967223,4
e67454090,79
47f7fcd87,50
9167143fd,46
1fc614660,49
ee3c66211,53
776fe6e63,80
894954440,87
725cc0c4a,73
f91c76038,103
e6171fa85,47
3b0daf5b9,103
600f01e91,81
301315f25,47
3665f35e2,65
afe70f1d8,87
48c00c048,45
c164f8571,97
c63f5d38c,96
8c17a992a,48
4fa22a6e4,64
4a1d07383,49
60e8a1d83,63
679f13cfe,53
eefdd0431,54
2a9af9154,32
0e6cad3b3,45
1f750d4e6,75
6c0edcf33,76
ffcda7d10,52
7315d2e99,82
6229791d1,103
a13beee25,25
07aad3ba6,41
2e0dbcfbb,71
ba2d603c3,73
fe195b05f,0
4bef06f11,53
8ad5daf80,75
0fedbbf5f,4
5345fc847,103
eedc4e2f1,102
9290d73a1,69
a9f3ec5aa,70
2194ed33a,73
6251c33ea,79
04758b7d2,56
df3b6edcf,51
df38bb8b2,28
6be94f8cf,72
f90aea0fd,95
88d1747a0,67
3dd3823ba,14
7db900a9f,90
38b394064,60
b83336a9f,4
b9f422445,13
1baa33eaf,80
1989da31f,4
bd439cf5e,53
dcab7fc67,94
dd9f61326,48
c33ac1a9e,4
197830e87,67
fbbd35173,48
d2b091c3b,68
320890eb5,54
a01133fe3,10
025c07b54,51
73b47d713,103
a0dfbd411,76
3c3316506,56
d14992eb2,72
92673a9aa,4
6a22f0ccf,76
d70ee220d,5
7d9caf815,96
762c5e25b,97
02821f581,95
733de405f,4
7a512bfa0,67
183896a90,13
85e1dd858,53
4b49bfc87,82
0623719c0,4
da4c0be52,68
2bc5a1d42,67
35cb5e3c3,72
c210cba33,21
5083ce580,37
6a414839c,28
a0bdfb2d3,94
905ed2774,103
f9c4254e7,14
7fe424fe7,4
f6fe43282,5
d45c77b42,47
43975ba66,67
c0a9efdcc,99
caff65f31,48
19f18eb63,55
4cbdaf60c,96
631f04e66,48
226a4258e,47
0b1ddcd93,75
60c188245,67
7cff9aa7b,53
fc6b8b594,70
ae2864464,88
599d64d01,102
ac114952e,73
ad494795d,9
becdc1364,95
b868bcb9b,103
f1babf32a,4
536be8fe7,88
bfe670846,103
6557acff6,94
82a14f17f,5
5ec08d254,72
7f0c3fad6,4
f8da03f7a,75
3b71397a9,50
da00cc5f6,83
9ca5d93d0,4
2f1f2d1d0,103
cc16ab1ba,97
d82441a6e,90
c3bcd37c1,92
bf9efeb37,67
26c144947,102
75906e681,73
4c184156f,86
3dc7bb76a,40
14b62edb7,103
f95b41656,53
c9efb9d66,49
06cf3311a,48
32c22cba6,6
49c1a8313,73
688759258,67
c38884c9c,22
258ff457c,102
888fb3305,68
10bd19c33,69
7c8007f01,40
d3cdb9655,102
eed32e9a6,77
3088361cd,53
2ceabb5ef,49
2c05dd6e0,94
cd703e25f,53
c5c1962bb,49
1b07b0a53,47
eb0a53a24,13
d2dc27a1c,64
b2104558a,103
39bb94d66,51
d46919710,70
cf3047df1,4
bc4c39336,47
3e043e76d,40
3acfb71f1,27
95e7165a3,14
e788cdf9b,56
6485b01ac,4
35a08a010,4
d482c8cf2,29
1d51372a8,95
b5cc43bfa,73
101551fbc,96
414fa5cce,53
3dc8e9edf,47
1e91a06c4,53
3f39dac7f,1
383ce35cc,28
c5f4134e0,102
6b8d9d74d,49
b56ccfec7,48
e3fb7b8e0,10
9a2fe7b99,67
99c05f8d5,56
95ab27ba4,67
90db97153,103
c29915daf,51
cfcd57260,69
8a0b0f47a,9
4c79f68f0,93
a31b18ea9,19
7504b36cf,86
6daf9a7d6,73
939f715cf,53
4156a2861,76
9fe8be4ac,75
5acae87e6,0
5b9abdbc8,86
707ccc2fb,50
5d23a793d,75
dc7a50dab,77
d0b1e24e9,77
53d9b87f7,46
fc4e189da,4
1cdfd8172,68
fb9520cef,93
778c53136,30
e0c7c20d8,5
715ed2e29,69
103a4a0e6,67
b33fe8ed7,4
88a7e7bcc,88
a6e0df6f5,4
8507d1b5e,78
760ce7b43,95
b41a52def,14
1dc077696,29
842be06bb,47
dd959de66,36
d30f4ccaa,49
bfefa1d73,43
fa53d140b,74
9b353319d,73
d9924befc,59
328aba75f,1
b9ff3b500,88
83abaef21,103
7605a3733,17
83bd193a6,71
161a7d556,102
da6f46b28,52
cfdfb9028,91
80ceb515c,40
82e9c6954,50
3b39970a2,95
9d44bd787,4
4c25aa614,21
822b2880f,0
052f7e154,53
41ab6b40a,49
e1499d78e,14
1fb27e305,87
d710d0940,75
3920794fb,51
91ed2728b,102
536c83e57,4
ca1cef6bb,29
14d3647ae,73
f4f248df9,48
4ce9bc001,46
bd049d019,102
04c9322f3,4
165378703,57
4181595b9,57
040684077,41
a249400b4,103
62e5874bf,14
2fa4ca1db,41
2f4c11e66,51
e0151da58,4
059ea5059,12
d56664e9d,74
ce60e5f2a,57
991294873,48
009216487,48
63ac3780f,49
093f50986,7
953076db7,67
fdf61c313,56
2e7fad027,10
d8f9c9f6f,0
693fd2ef4,47
ac8d33b0e,103
916834e2b,67
2deaeb284,102
3a1c2ac95,55
b64ae4e8c,81
3680129ae,101
ca53ebc3c,38
873590360,75
bd612f053,4
8fe41c548,48
e2480f460,29
a134c5401,4
fb91caf96,7
99be4bfbc,71
f6482ab55,102
3c4dd2705,80
003882deb,9
473c84ae9,13
aa070417f,103
b78fc427d,83
58c271df1,68
6b3b8d49b,57
f07838a9e,78
5998b063c,68
6449727d1,61
96109449d,8
c78e06bc9,14
b0b810f90,47
b0d0e7cd7,59
3af79d01e,74
53b2da1bf,103
e6c9612bf,50
364e07591,37
b9811a813,96
6eeec13c3,81
a8ae0ccc3,31
7adb142c5,49
2f0b8155a,84
06c56276e,17
491a37339,16
07c0d22bb,102
fe30ebb03,47
9c477d377,75
04a7a4f50,70
78ccf47e4,49
70ef6d8bc,57
14453eb64,88
5ec9553ea,79
3da7aadde,52
539a14033,13
76b0d0576,72
f7ad645eb,78
8e55f2268,77
aa85a14bc,71
5002bff77,103
5bd9a3483,60
ae8e8b50a,49
f6f0e3d49,53
9f3fabc70,47
6823dfca4,103
ba9e184b1,67
67eb6bb6d,67
9040a1e5f,4
7b825842e,53
aa8eef48e,103
ce5f6dcef,87
288d4365e,75
c5ab18c87,47
d1196d6ef,49
319a4d6d7,77
156c0950f,72
5ac5273a9,93
c32f14d9e,67
ee053208c,43
48526fccb,62
31a7d4530,40
019a2efb9,79
587e9b784,73
5d35e5409,82
087d3bbf0,13
eec53fb8d,81
d665d6a8c,80
9fd265646,28
5de25f69a,67
6cd161345,4
78235a81d,43
9f5e5ec3f,68
18e4061dc,86
026d4082b,94
2623d36fe,67
bb298dcc5,94
82b0ce34b,67
03536aa93,53
55e0035e3,50
92ec435fc,14
9c5095d94,51
d9a8f22b3,49
925de0d45,71
6b7f80246,36
c4970c739,67
6aefb94a6,18
367f31c9f,67
8ecdad441,91
ba782cc48,48
fcb1d086a,30
98dcdf215,10
40233a112,47
a2d5f3e8b,72
284bb203a,45
337ffc67f,82
a24932259,4
2d8716e8b,4
9efbbd641,68
218e61006,17
f99834b3e,90
450d37a38,95
4d1ef02af,57
83b0ea85f,13
eb5ed44cb,64
710a380e2,72
9c2f4d9ba,50
0b619448f,103
e3d055215,24
5a0aa798c,70
daa970cd3,67
b4f324422,68
fec748ff7,49
ada4b9362,31
09ebedf6a,49
9e31cbe3b,67
7ad932a97,91
eeb2d5691,96
ea8dfdeb3,67
9b9c0e574,103
e4d72ce27,24
850acae7e,103
a9855f136,4
eea83069a,67
9881c6363,48
fd5cd4e2c,73
8a9b13bef,13
4a98c96c1,54
492569251,88
46d8e8e19,77
5ea428031,82
67cb3cf97,100
7677ecd51,4
e8c36457a,87
6074e6638,43
985c8a491,23
d81fb8241,73
8cccd4aa7,4
ab99925c9,53
e2b90e868,23
dcbd123a6,70
a21a2c1b2,102
70e6b4f07,46
755794886,45
70cbc35a5,86
855229539,77
e5bc365d0,70
65ad58f26,21
9cd366371,52
b48c962e0,25
95e3375ca,4
5d59f9a69,45
ab8add1c1,77
4925bf95f,70
67a4a4d91,23
6cadad337,14
c548ffbe8,4
e34bf0fa4,49
317d04297,22
061e3b226,40
233db9b4b,45
192bbbbda,27
cc599caf1,4
d02a2fd8f,4
ef21b581b,70
c7827133b,50
ef7856a23,103
bad8d3e9f,53
54b876ff5,83
7b38f9919,49
f5aa796ed,53
904bafc6c,50
e69beeff1,49
61fab76c9,75
0134f018d,35
4a2dd1c8f,93
861f2c9c1,67
f0dc59c83,8
f1b51e257,14
69a2f544d,88
64027156d,67
85312fab3,14
08c3da1cd,77
4f037af7f,49
afdba6c0f,46
5a7f69e51,90
701d4ac2f,24
67a3ff9db,90
46d056d14,24
c90849e35,75
2a872a9ef,16
a21f6d452,49
b91c00f4b,102
f8eb6ec7c,79
47f7f9a06,87
8ca2371d5,4
4d0ffe92c,67
33aacd395,47
5a86ac765,13
ec51d8607,30
187b49cc5,102
7b63ffb33,49
7593bf7d9,103
ec68ef123,48
79bf0f076,6
7d2140905,47
09c208a92,67
f2cfe18dd,71
9ba7dcc7a,91
3c525cead,72
abd018788,36
95f734b2e,53
baf415f07,72
a5eab308b,87
721301e6b,8
f6f821392,91
a8e11ba37,75
7ebeaec30,87
16f9971d1,48
b5fd14fbf,50
7cb5e6b99,50
132ebe116,0
35311eba4,91
00f05ea9e,4
22eaa8132,49
e1f45be9f,14
0e1fdb95a,49
4ddf168de,73
d8f8bccc5,53
24aae97eb,73
0b027c740,29
5d0017929,91
6c123c407,85
6d984df89,49
8b31b6453,102
597bcc032,37
e2e81b2c4,95
5f91412c9,1
0df8316cc,67
a98328317,14
5228fb3fa,89
e9d6bf3cb,50
e11a7a42f,67
fe2bfa700,70
d1b3aaf63,86
bc9873f0c,41
a8efc4d66,36
29f49cd83,82
8b15247f7,49
8e390cb4a,16
856717f8b,4
e826a5f20,73
855c5dccd,4
cd4b41085,58
64a8fad00,75
73d04b4a0,67
fe2c0a711,4
4e5e899bd,53
87f6a1325,73
abf89f144,82
bc08f60aa,49
c753eb6c0,9
8876c6402,13
e2567b48c,50
455ebacb0,95
39e216b40,67
43fd926f9,50
c4c78dc65,103
8b4dab7c3,69
bca706d7b,88
943eef63e,42
101970f4e,53
edad0d3ee,75
6760a8b60,59
d3777d5cb,71
fa434878b,67
5608c05be,67
89e7620ff,48
3b58e0b0b,14
073a72a81,83
4bc218fab,6
7965e86c9,102
28c5b096e,97
35b89eb8c,73
f1b4ba5bf,40
5e56f69f6,72
af70c8cc6,48
b0ddbab02,99
929ac8834,49
b77626f46,73
4249b8e73,49
3912b7506,41
7db868b36,82
8f2f9d451,45
035d2bcd9,103
c63df66ce,28
116b7f1b1,67
938b2ff4f,103
96c6c97f9,102
786ac2686,12
f05946c39,91
8c026ccfa,83
1600cce78,45
aa12729de,47
f4c3dcb09,103
887fb3ff6,103
60c0ff1b2,22
6a1f788d6,10
1914b6245,67
b4eb26098,68
db65aac8a,10
9d0d80d6d,4
064d949d6,44
df17daf47,83
7edbf1ca8,71
94d387cd6,53
419424bb9,67
749b744a4,47
95b5120db,47
470847079,76
9121b3849,48
54cebd37f,68
efdc65d2f,86
1c3a7bc99,24
466f28358,103
623b64d19,11
6d8ba2cf9,55
e690ff8ae,67
b1d61c023,67
224416fdb,91
c49cb046d,21
af4873fe3,49
2bb868394,99
a5c902dab,5
f0de6586c,93
3081eb3d7,103
29ee6d680,53
8b5155f07,40
c5b5ecb0d,48
9f9578396,78
9aa3662af,75
735783bb8,82
ebd745005,13
ed0204f22,47
075d6bb86,17
a3500e94e,49
304631d59,49
aeb1a52fc,51
0999994cd,24
f38eac7db,67
65ce506a1,71
c1f18cb5d,49
6d00d0707,76
e60c3bf54,103
52592a2ab,14
57a04f0ef,49
df16e4771,11
118a60f12,86
b845a0f00,10
6f229cb58,4
4347196c6,83
a02dbf1a3,21
cc9cd7803,0
976e6375e,78
232a50a3a,40
028852549,102
7d5d89bf4,91
f0a66df4c,103
2e8a14696,53
bc62cedd8,14
d1993c898,67
37822e7db,70
4fd8099de,45
bf195e5c1,48
ceb261e4c,103
f76006728,10
49b260995,57
9eaf1170e,0
e161af94b,103
e39fc5430,36
9f2d4991f,53
4f5abe367,45
d37745aae,99
35aa8898b,91
b95364dd0,13
5ff30ec8b,71
322b5e989,49
0664c88a1,0
5d375ac61,4
a67c5bc5b,53
f437c8815,97
73d138dbe,28
306cd2f2b,57
2a7c1dbf3,4
854ca7f47,13
58879de83,69
7f19952d4,64
9a302252a,91
510743b2b,39
9b8345ded,0
f9de43fb7,46
9da5c57ef,56
ce27113a5,73
87020b1ce,43
40a956d5b,67
69bdf9905,24
d8076fc39,44
0d5f19588,102
1432b2d26,8
676bac625,69
b1066d5b5,65
038c1315b,71
b0f2342ea,86
b0f5721ca,68
d415cf45d,103
d30a6e9e5,43
9dac30b0c,103
1b4edfea8,14
5ea36cf54,36
08a78ffc3,12
cb3ba4df2,50
1d8f28be5,103
b3acfed2e,103
3dba2c4ed,22
4d5836f7d,0
4b2c0659e,0
2b7da32fa,5
a4e32e242,95
24ee77db7,48
15b77ba34,43
acc347bb6,4
329793680,102
fb2b2e956,71
0db5748ed,4
d8f81ecea,4
27e7900b8,52
d69c942d9,11
2ec1937d2,68
7302be7da,47
436f2b8f1,88
500ac8bc6,28
e87c94e9b,41
274f4bd2e,87
c128b1e28,29
e4bd15b11,95
d16d34784,67
c16dd6692,43
c9c4ad186,95
b137658ab,4
8098272f9,47
db789a901,4
ba23c645d,45
1151a0d22,102
0542511ad,4
fc4486b5e,71
e44a6c4d1,50
0b061eae3,67
72848173f,53
5e0cdf39d,93
9ed125a83,49
86dbae006,52
6e4cea791,4
f61465618,79
7927ce9c6,86
83f820e61,21
d70fac2cf,77
3f7a7e0d8,96
cb82723d1,103
ed4b21055,13
154896ab2,81
567e64f51,16
9d56168f2,4
630d3e7b9,4
7472f2db4,87
12b630964,47
4c9f8b6cb,95
654ee7e46,46
64803f8fa,67
8d9ce649d,73
fe1615399,86
bf16e0cb8,49
38cf8682d,4
dfc9c6a23,103
0ef6a4923,14
3653292ac,49
7d0e7bbd2,77
f7f45e1d2,40
2f460d807,4
a6ad089f9,47
f1495d941,67
7547be627,49
8404dd232,79
15ca2c59d,81
2e0bc183b,87
6e60eef45,67
5078ff4b8,102
50f33fc4a,89
d20e60a1f,71
02c52b451,52
ffed2a555,65
956392eb6,73
6a69a6ae1,73
e9b9e8a26,49
372ad684a,18
c476f6495,103
f563b8f1b,97
81f2fa04d,50
245d80d97,56
e1adf9362,100
08a7d77fa,98
996a4ac53,49
14a69e3ad,9
80468179b,58
be82bd09f,4
d8f64062f,53
84fece524,102
bc83dd474,34
600693e8f,71
7827a1d5b,45
077e33f0c,89
8dbc94744,41
3ed70f179,71
31750199b,36
2b8f0ac5d,4
7e6854001,49
a3c091760,57
f77e765b4,14
698eea745,49
b632c0a2e,28
2d0fa50dd,96
4ce386ab0,14
d18e36dce,75
fdc6bab48,48
dbc79f0f4,68
bce577229,102
9de211ea5,9
1c63f50d1,49
ffe68f250,44
64a1bdd75,49
7c2d22784,43
6a9dcc24b,75
3333af434,80
c21cd70d4,52
797ae6066,94
358cb6a28,68
e36cefcc1,102
add649c7d,42
99263d818,50
ceaa96cd6,103
767a87c4e,52
a256f13ff,67
c5fda34e8,14
1ee86a298,48
3dee899f2,88
e80bee440,90
4bfdf517d,80
ae804f35b,75
f1ccc8566,74
a3d8cc563,33
d50341097,70
6f725ddd0,21
4bfdec3b4,67
f29fbbe61,95
64a087667,80
3a17f07b0,18
30eaaa6c9,87
097dde704,63
e6ec47b1d,49
b07bb0c22,4
377abf496,76
c081f5b7f,45
6461cf7f3,28
b2a655d89,39
157be3bb4,52
0523c9801,67
6ea1e9ac0,29
41163300a,91
ddc839a0f,82
f97785498,22
c18a20c3d,47
4dbc5fc3c,103
111581957,9
45271b9c5,103
4fb5992b3,39
4ed9720ea,53
cc6a65411,83
8b0062584,43
d4c0f8a5a,67
b299b2022,67
8deb17128,103
6b5cf2a71,53
50fcaf0ed,103
4641d6c81,28
6c6ba5d80,75
a99ec466c,102
805e9a7b0,4
19e239913,43
c1d072b0f,83
f78d35dfd,54
e46998f4d,73
e23369e1c,49
75001ddea,54
be5a25da8,48
2a0a14e04,49
702b7fc70,94
1a25cc01e,49
57f44a56f,16
22bca0aa8,47
3b2fe5739,25
b9feb1bca,93
a2606d96b,50
c61564271,5
5d238f402,103
29d87bc0c,5
8893d08a2,46
47aa985a8,70
7d759eb81,70
0e4cdf053,12
7059b2c59,89
7698bb454,17
18377be3f,18
12d007adc,91
ce434f86b,43
650d157b1,94
79335a465,103
589fe7959,102
813efb8b3,83
b67bdf3d5,13
2b782bb3f,79
a0f7fea74,64
495523f05,28
0c79ae44d,102
26f0c457a,53
69239f8e7,13
0315a723c,53
7eaa17466,51
aa1db9aef,89
263d09ca7,103
8212b672a,13
c2a426d70,24
f033adb55,72
064a230b7,77
f9d24e47a,10
8b4182aa1,67
ae5333fa6,70
aab3a2289,28
70be85fb4,50
81c8c5199,4
f7f77acb9,91
bce769fa0,13
f92ea03e2,64
67e65b379,72
c0f132f35,102
1dae04aa5,10
e0a96117b,67
d3be0d35d,88
97dbf9d67,13
9cd6277d4,101
564305f6f,56
1559449c3,102
9b9e080c5,102
6f2bccdac,77
8d6118759,94
611876e26,30
1c074bd0f,67
4b57c7aaa,73
e44de523d,86
7de565519,79
1f3e62b48,21
2d8c06a3a,0
2198f8dae,11
6366d7061,90
ee3c0e393,67
6896b5c5a,73
72f51631f,73
14ea3ffb9,58
0b8333bd9,68
977a23c97,102
563a8d7df,69
bd3518b92,50
5eab13f01,40
94da0ee7f,102
fba0bb7e1,68
acaf761d0,73
82fdb1afd,67
754cd2605,49
5e5acfa07,80
138275e36,71
8b11c130a,49
7f71b69e8,75
06a1a191b,49
bf711d50c,56
bfd311430,75
f1641e325,47
fa1a492ed,14
3e629f05f,72
27d271279,4
916ee9985,13
42fbaf02d,100
ecdb603e1,68
a5f5634a7,75
da2d9bde4,103
4779122c2,48
abf65b6e6,90
337c0f7d7,65
e3542e88d,53
c232077ef,103
2f4a6e151,47
a91c62b42,30
e557fab37,48
5dac2f949,45
3eaf5a947,8
63655033a,62
931b0b249,94
94d32655a,93
6395b130e,13
a575e3bf7,83
43382559c,0
c425cd871,59
544ba8771,4
ebc612beb,87
53f2f97d2,51
7cac453ad,71
7fcbcdc02,5
63d72a8b5,75
e730f38fa,72
f302f29a2,45
cc9db3d3f,49
e83500196,4
117831b8b,47
b3b55322c,73
fb41fa092,22
903ae9a2b,43
30b7ec090,98
496bb2adb,49
d4350350c,71
23253eaed,68
6182a0538,67
de23c5486,86
e2cb25f6e,22
5233ee8fe,45
b9e513369,30
90e8d8225,102
e1d48d997,49
0667667be,4
a405112f8,88
30964e186,4
ae61e912f,14
ed55bdf99,45
22324cd72,28
a235500d0,66
8f01b1034,88
efa3cd848,53
95f9e2bd3,13
ce6b9b704,4
19e44b02f,81
acbe731d1,0
009b39e15,43
1a0fb01d4,43
07f10b39f,70
efd7dff01,50
bcbb5c787,73
8c59b2b7f,49
b8741ea9b,100
75607a399,103
6f03f9497,103
aa4f36f71,77
f7034380f,70
acd61abf2,77
d39b5658a,91
ef123cabd,0
7d04df1ca,94
261838dd1,97
9fcb174b6,53
9be9e90cd,48
015a601e3,15
b9e60ac3b,67
cce4b16f5,36
452ec84b6,11
317b22963,90
c77c99cfa,49
0875c4f20,88
a76407bf8,30
5a2c8645d,52
0094a72e4,52
8523c7858,4
74eb03c19,43
75540546f,41
91610e157,13
d29cd9c2a,0
2a18f7ed4,3
7d32579d5,103
af8b9e043,86
8592e5ece,73
d18ee118e,94
9ea847197,77
5235c6c53,54
2c9e28482,79
6309c0fee,53
ca1d1d65c,46
9e006b3d6,103
07550addf,7
d5400cc1e,100
0ae82a090,86
8e412c7e5,49
b63ea2bf3,79
8ed239a08,62
aa6a116bf,98
795083f79,4
817ab4ca5,50
21608cb5b,14
25b6d41a2,67
2ef28fa69,103
92e7e630f,11
0422f8181,12
c05075421,102
d4ab600c2,10
339153138,53
961163819,103
bc45792c0,103
e2372e47a,54
1e73b74aa,103
070a1abea,49
26cf9ecfe,73
5629fc992,73
dbeef740d,81
657a2302f,96
b7b3939ca,79
a7088bd2f,53
cb22250ca,79
1951c5fbe,78
485e088fd,49
cf9cf9368,72
7c734cbb4,68
eb0d37eab,13
e269805f6,76
c39bb3b9f,14
7790e656a,10
71a787fb9,12
5a80d4beb,7
af3c7a24b,44
7dea65fa8,50
97b3e2eb1,16
7e3809573,49
333b45bf1,24
dc405fd04,73
7a9de4b35,67
7530384bf,4
ce028c60d,46
1fe55a939,12
8872018f5,21
98038f676,76
9b1b30062,50
500cf0ed3,103
8f252ecb2,56
6fbdee8bb,51
6021f47e4,102
343bdb4b8,76
1ff3a322b,103
27f69132b,3
e68152d61,4
7a7c505a8,18
e2aef08ca,4
3127f8637,67
837a91c2e,49
648319d0a,89
ee559b5b0,7
22cef13f0,69
ac1156cb1,88
410641125,35
df23921b2,8
e046fb456,4
5a078c961,94
750bae291,87
5fc2cecce,86
457ef8195,67
22a46a27e,29
cc055150c,73
23e9b2025,49
9fe09edeb,8
8fa0abb21,68
a67769dd9,103
b688ee356,76
1fe1115ee,102
a9c9495ff,48
763b49b1c,94
73633e6bf,69
e3069605c,94
f83e299b4,67
3a44b1b54,77
ca2cc5375,4
662f8bc0f,68
9ff26d18b,69
4580f61bb,19
b125a5970,54
9856ba8b9,67
aec05dfaf,67
27bf39b00,83
babf57037,75
d539aadae,29
7fdb7247e,15
47664da16,73
dce29c03a,83
0679c1097,67
47e7d602c,75
40ded13ea,4
2c8f66cc6,48
630ba700c,73
4d761f97e,29
0210ba20b,46
a991b14c8,75
e48737634,42
8175828ef,47
16e29883d,29
08820c254,103
ca8726968,46
4a6513e63,49
50a98363f,75
c3d234832,30
03ac6694b,64
760d22629,79
1a5e9517f,90
9a4cb2829,4
f04b99dcf,95
39e73d88c,73
57b0ac4e3,41
56e37b524,92
ec357f612,68
7b38952f6,86
25faa6813,10
6ef0b83d0,61
3ff83ac2a,83
a4541b8d1,103
e69ddc9c5,56
a66f7bbc6,4
37dea321a,80
14024c433,71
b547b5949,103
75753e7b1,47
3db6ed179,87
cb80e17f2,55
68d5dc3c5,99
5e45c97c9,43
4612e397b,4
705344bd8,13
345f66bc8,13
7afcf9660,103
f63a9b6fa,52
babc5e002,67
64581ef78,102
b80e5bddf,67
735b3631b,95
da1b9b717,103
c2ddc15a6,80
df76ddfcc,18
d314c03fd,47
1777595a2,49
6ca8991a6,49
ae05e03cd,79
157924ece,41
2043fd8b7,48
07565a412,1
c9cb86f46,50
b7ad7d574,103
50c9fd635,49
d1ae6b983,68
ed1e5c7aa,44
9643a628b,4
c832cf426,73
65d4e9994,39
aa6a6c73d,67
a1bd64c5b,30
bad7b9ba0,49
d3d08e737,32
4a530e1c1,80
7acc72b45,67
22f63c29b,103
74bec8798,103
53033eeff,53
0416248e8,103
0543d5d92,103
7a8d95cdd,4
2c7ce5049,49
793a50bcd,103
d17630e6e,48
0fc91f469,53
8935eaabe,103
34cc8d691,30
74ecc535b,102
508c39bfa,49
e053b45c3,67
fd0121113,102
7dcc4ff7e,4
5a83e84af,76
95c77ab53,73
1a7463151,65
95a484b75,66
18c42b6b8,4
472c84cce,13
79cb3514c,30
487a6f05e,9
b9b1f27a7,93
19b046852,103
9e07d0aad,22
8b2940362,67
1fe1e5c34,94
6c1a05ed1,93
a68584f39,0
1a2e45581,79
2abdb1c5c,47
e6e68b7da,47
5b3c21bc7,53
36c65119a,62
ecf64f4f9,13
67fa9ad3f,32
298cf5bb5,48
06bfec1b7,4
84b6560ee,25
d47eedb46,84
abf7ceca6,4
2367b5056,53
e6223db31,7
4abefc989,9
0fa462f68,4
de8fd4020,93
8664c38e5,21
58dbde095,24
53fb48abe,93
67cc6b5ab,4
d14901985,4
3d2ee2570,103
c8baf7ea1,90
e33bff353,68
fc6fa6753,62
dbb703916,5
9ae160f11,91
d06adb15c,48
014809654,93
b1296679d,75
0cc1eccf5,103
0950aa4c0,14
2f4739680,14
1fadcbda5,103
56a33cbaa,53
c58d1fe16,72
f534d4ae1,76
a0e82c1b1,100
8b5aa768a,103
dbff9bca9,77
049402ee8,102
5c66ca3ec,80
ff2e1b825,103
c83825f6f,72
61da47774,73
318d049f2,49
344a190fa,103
ab06cb3c9,1
5c1b0f7ce,4
b5860475f,37
2a0404164,48
76bb433ee,88
9c1fca4fe,68
25405d6c9,87
8904c358d,48
78bd1cad3,0
3ae3126c9,67
334df9a32,13
863e8afa4,103
f1184530f,4
5b8579555,63
212081efd,86
121fc6463,0
504e1695d,47
07b9edd52,93
8e9cb9e5f,39
003b89961,49
9f4b942ff,13
a9b1f63d0,4
94db73148,40
00d32bef1,4
bfcedb4e7,59
88d492231,0
01f76a519,18
9b3779536,80
ab218ac50,53
8bae211d3,7
3da1159fc,43
2cc73c0c9,67
6162cab31,20
d8136729e,80
65a3a7b6d,30
876b105eb,90
35dbda91b,13
fec3fbd0f,81
c987ff810,68
f116f4ff9,76
2d611a037,2
916e18133,49
ad6d4b44d,88
b80695478,47
d7d866216,73
de8795ddd,46
4d41db87f,67
19466d61e,53
3149540a2,73
9d375712a,55
1f673a775,21
09cec0e8a,45
1557e4b6e,102
787c185b9,93
f0f7be744,21
bf9e90a5c,8
1329c5b4a,75
f4c6d5b0d,56
4fc561f03,62
c8bff789b,36
c1553af6a,8
e21d2982a,88
504ce2b94,4
319090100,77
08ffacb06,50
30bfe5b05,54
d5888b919,4
dc40a9854,21
dc0f9b59d,49
8a48a97f2,76
e3ce14f38,48
11b363237,46
9154cfc20,4
aa5c575fd,67
ce5af8fc3,25
39b18554c,67
03edb6308,71
2b07811fb,83
bd3464591,79
0502ffb63,51
7fdb2b868,2
8d44b6bfe,79
6bc2469f2,73
af511f5d0,80
53a6ecdc4,56
719e9e88d,75
6a8de3c09,90
c3ae73094,74
3ba0b4f6f,82
7271d34ab,1
3e3942656,87
99f271a51,1
54dc06c7d,46
52232fe3f,49
12fb0107d,77
3987e3d8c,95
ff67d505e,81
8d6c7ae91,73
5d06b5c76,41
25d63647b,47
b04f7be54,24
def4dc802,31
0fccb02fa,74
5fff5ccb0,41
a12ca9636,90
347f41bd1,4
f0abbb0a3,83
8253629c8,49
a7857a9be,53
a048044c1,102
07ccfbc89,53
743c74763,90
385906707,48
1f36484d7,49
dd0839e53,53
032ca1556,51
57c274565,67
3ee4afec0,95
48f82311a,9
d974a8a25,69
f99c51769,53
19f37512d,54
99b639774,72
71525c500,103
4d42fbb18,4
f096291b7,67
140c059f2,102
bdf131dae,59
d1dacf9dd,91
315a148f3,0
ec60dee71,53
c162978be,75
2cdb115b6,14
eb83e32a8,102
e69fde9d7,4
ca1b7fcd6,73
441472ae6,77
eef5aa7f3,68
7600dbd87,54
0308348b8,14
9caf3507d,46
da176437c,87
012f05d4c,18
8c7a3ac06,56
1e3e2da00,18
8794f7787,16
5689bcc21,67
c86b6ee78,28
d43d8c9d8,82
ce97c8026,32
25f594d35,48
02d846418,68
52dc12639,17
8f7576edf,13
fd34d7c8b,52
be30d241b,67
fea3b6b40,13
d6694bd34,72
377c89e04,71
b882b8bd8,103
a51dbb7c5,75
d8ca58a4c,36
5155022aa,73
c7d865058,48
25b587ccf,68
b4d954bdc,80
fa612d18c,76
17625283c,86
ee19b7f65,67
0c3928144,8
d615fd16c,49
00e4f514e,103
5c5a534e3,81
eb4bacc7c,101
d6fba1863,53
0b624f751,67
0eb530d0d,102
54f73d67c,14
1dc234d6d,48
ccc54a4f5,53
a114ff305,19
083109f62,86
1b7aef8e8,79
e2c4e9c91,27
bd1dbe4ca,53
ee2b50aed,22
f8c41bdad,91
33f20f40b,4
a1a26657a,50
15f331c1c,4
4b4223c92,14
742ca771a,73
92cf1594a,75
3ca2ee97f,91
ebc4dfd8f,67
aeb6e32ab,83
55da8e5b5,6
9fe27bb58,67
36a930b87,80
23ea06b99,95
ddd24583b,80
97beecd94,46
b9a6f2dab,50
ce71e2dfe,94
2406e977f,49
5287898d3,25
c4727766b,4
fe6889fe9,87
e109f9b0a,68
878cb5b42,79
fe737e3b1,43
67b85d53e,45
d3ad608e8,41
e9564dc47,68
9fc4a402d,70
661e5ee1c,103
e3c6e720d,14
92d8c290d,67
2f29a2a9c,73
f1c7db9eb,75
1beb08caf,39
269695569,20
9174ed35c,50
719a12da9,49
e4e16eb70,103
aa118cbeb,102
789e0279f,24
fc3f3fa1f,28
394eed0ec,103
867374cad,103
0be920d76,31
20e92f82d,83
ee2ee5186,87
3e7922328,21
34aceeacc,40
38331a6e7,83
36c7c4a64,71
d753dc261,7
4a506053f,75
87f8091d2,73
44af20a55,88
993b3757b,49
f267d94cc,21
5b229190a,51
01c00d9c8,53
0787857e3,60
49f22c2e5,53
dfbb8c112,90
20048b328,18
dca3a0787,36
1867b3487,4
224d2ad17,75
d5ccfad53,49
fe0e1d7c2,72
c0de46b28,54
1c0c4fa86,8
6d2e2b6a2,78
20be2b5b5,55
77ad23821,38
6d75535dd,11
e4c0f1e32,103
dfd946ac8,52
e68ff576e,75
bfdd4162d,76
dfff0c929,76
4a349dc90,103
4e65f53bb,13
2072cd9f3,77
9f6708c0b,49
1394e9ef2,103
2ccf28e9f,45
16ad94559,102
0039e54f0,43
0a38b5a6f,13
5954973f3,67
f6610b1d4,48
98033c300,28
4a9a2ca92,103
b7ecbd370,4
a024aee0f,13
f6c766f77,57
52189b48a,49
2f0224a9f,4
6e3c0fddd,49
019df649f,103
359c8a8bf,50
4ca32d7d8,66
a36120551,48
70498b302,53
8d73023b6,48
8c5ae49a8,68
2429cadb3,49
b2cdea1bc,4
e71ab3905,47
5bc1503a0,71
0f6325318,52
8846a7457,0
7799eb3ef,48
82fdce8f2,12
530bde853,52
90a369187,0
780f371fd,50
8faa5deef,39
564564fa1,71
1f1d99593,60
d89e84047,67
4948e3ecd,41
ed8c3c3f8,13
6f3f4d188,67
f938b8711,103
fac7af031,96
f66e3a446,29
94a240084,33
c6326ffed,102
13fff11ed,70
6ef97d18a,76
9fb9a9e81,13
41e36fab5,73
40fc0d8ba,31
3a391563c,5
6abdbbd7d,68
69930f05d,53
946f97527,103
45a702ee8,62
72e6df7f4,49
7dbc5a9f3,13
c071b59c2,67
e16606faf,59
653dc3b58,67
149d11de6,53
746f3dd2b,45
ccefc605e,30
8e1e85931,76
b59846a6c,93
e45e707db,14
501229169,50
f822afd0d,103
903d6d1ee,46
08770c1d1,53
dfb7f1e61,25
1aacc5bb7,48
b87e16bc0,103
d0661be31,82
8a8eefe09,67
646e258ec,70
0354bcfbb,67
d6ded3726,42
2482d97e4,51
023520fc4,69
509570780,4
31323febb,93
754eab3b5,73
75bbc4353,4
f36c00407,67
d2927e981,4
35faa30eb,88
d4f431dda,78
4ff54212e,10
f229ebf45,80
2669b2dde,75
c25141a41,97
9c158e3c6,103
0cf6cceda,19
11bc7f078,30
839922a66,53
62eba5d4f,102
ca1095668,80
cfe404d71,49
d31f5a836,16
1336ca52d,10
b6eb04bf0,94
78be4d100,14
5382ac6d9,47
a855179f9,93
774e6e2a9,48
b6203cd3a,48
4a99afdbb,16
919aa404b,13
5ccc5c940,103
f281ef28e,103
2b5c4fa01,81
eaf19ec05,40
7748f8039,73
cd009e1a0,0
8c5e0c760,47
fa05f57cd,4
5e01e9489,68
1984a614c,81
07b1b52f5,67
10acd2f2c,73
6201345ad,49
6bf3d86a6,19
df723f46d,77
2b4605245,29
237c95bc6,13
38a3caf8b,71
0a9e05e74,80
2f8b40852,71
832b85df9,67
55683854c,57
6af290ef5,79
6022f99db,21
e43587721,40
ac67924f9,102
848c7cfe9,103
ae331a500,46
32a2079ff,49
c9ae3ceea,50
cb3bdf3e7,17
2d1ee50cd,68
80abd878b,102
60372c4bb,4
6348a7b61,67
7d5126c94,75
bc2795b7c,48
f5b855bb6,92
0c3ae4377,81
d8c46cf4b,94
950a866ca,4
db9eca137,12
68c50e34a,4
ecf751fe5,18
a781c6147,73
8919d694f,102
8bfb79995,5
91398b8af,5
8f04c2207,30
8ef4a7754,82
bfd8234f6,47
6180782c6,53
3aff0dc0d,4
d0ee253f0,67
539e41e9d,67
0ea779a14,74
386e40044,14
1d0cc3798,80
5252bf766,90
f809ac529,75
5227d80bf,0
c52b1e973,46
5beab41c5,103
1837b91e3,87
1aefb1a74,4
9677be74b,67
b6a36c182,67
0c288213f,79
05ef686b7,102
f89a5307c,43
006afe0ef,91
516ef6822,75
ec7f6d106,102
aae8b6cb7,102
a7f1fb92f,67
1d6fbd789,47
a8de792e9,13
490efc553,77
09ddc01cb,103
d4ae8d14a,41
f938ff523,29
e70be746d,67
db86084d1,64
2a0eb44d2,91
f9c5a4820,67
5aafe07bf,4
9fab84e7c,103
ad27e607b,102
afac3a5b7,53
fdf659ef5,75
791899b46,68
9256e64b8,53
77767dd21,103
0d6befa42,9
86935b0d7,79
cf8ee02e6,42
720920606,77
57bbb106e,49
9e4eb029e,83
cee0a6466,49
c92684487,65
d4c65214c,76
2dd56f346,69
891e42a88,52
2213dd7ad,5
359625cf3,40
4fde9d58f,48
0b1605a22,47
1c08a7736,72
bb5147a35,22
fc85dadd3,75
afe1e4f66,73
2a5d624ae,67
351f462dc,30
0721c0bc0,53
21ea59543,45
09a438bae,9
5c8d0266e,90
fc8428025,49
4c91c2a8a,49
bead374cb,57
fbfd88b1c,49
7fad74e0f,73
51e3f656c,40
cfbc79ec1,67
12c738d87,73
c1ed4ef6e,0
ef9591f3f,47
e696c6605,13
563ee45dc,83
5574a3c79,71
f65475a24,48
7ea4fd1e7,44
3b60b5bae,72
1037cd266,53
68b41d014,76
f2ef2873a,43
bd3bf8f16,72
981396649,49
3294a097e,73
2ae7f866e,53
b8e1080ce,67
234f9781c,49
1d808a2d1,91
0db15a736,24
6f9686457,53
e69b66458,56
556f2c5c6,102
82a37e873,73
b8bfa2b50,13
240684145,49
06846ff3d,89
61547bf69,103
d1511e64f,12
c357e5a70,58
a086b2043,12
515ccfe7d,13
341eee5b2,21
3ffde4543,49
89085d10b,7
4191e9966,75
77fbaf59a,64
4fe029378,5
3d95467fe,88
c7ab8e645,53
91db7053a,78
f2419f856,45
adca067b9,94
38bc8b746,75
36444082b,52
e237880ca,67
b62a1a945,14
d08fafe17,76
01492b421,93
6ab138316,21
f85a5ee9a,73
